DELETE FROM ACCOUNT *;
DELETE FROM CHANNEL *;
DELETE FROM VIDEOCATEGORY *;
DELETE FROM POST *;
DELETE FROM VIDEO *;
DELETE FROM TAG *;
DELETE FROM COMMENT *;
DELETE FROM VIDEOSUBTITLE *;
DELETE FROM VISUALIZATION *;
DELETE FROM MEDIA *;
DELETE FROM PRESENTATION *;

INSERT INTO ACCOUNT (email, ispremium, name)
VALUES
    ('leonmartins@gmail.com', true, 'Leon Martins'),
    ('jschlatt@gmail.com', false, 'Jebediah Schlatt');

INSERT INTO CHANNEL (displayname, isverified, username, creationdate, url, country, accountemail)
VALUES
    ('Coisa de Nerd', true, 'coisadenerd', '2010-12-30 15:30:00', 'https://www.youtube.com/@coisadenerd', 'Brazil', 'leonmartins@gmail.com'),
    ('República Coisa de Nerd', true, 'republicacoisadenerd', '2018-12-30 15:30:00', 'https://www.youtube.com/@republicacoisadenerd', 'Brazil', 'leonmartins@gmail.com'),
    ('Cadê a Chave?', true, 'cadeachave', '2013-12-30 15:30:00', 'https://www.youtube.com/@cadeachave', 'Brazil', 'leonmartins@gmail.com'),
    ('Big guy', false, 'bigmanschlatt', '2020-12-30 15:30:00', 'https://www.youtube.com/@bigmanschlatt', 'United States', 'jschlatt@gmail.com'),
    ('jschlatt', true, 'jschlatt', '2013-12-30 15:30:00', 'https://www.youtube.com/@jschlatt', 'United States', 'jschlatt@gmail.com'),
    ('jschlattLIVE', true, 'jschlattLIVE', '2019-12-30 15:30:00', 'https://www.youtube.com/@jschlattLIVE', 'United States', 'jschlatt@gmail.com');

INSERT INTO SUBSCRIPTION (spectatorusername, creatorusername, isbellon)
VALUES
    ('coisadenerd', 'cadeachave', TRUE),
    ('republicacoisadenerd', 'cadeachave', FALSE),
    ('jschlatt', 'cadeachave', FALSE),
    ('cadeachave', 'coisadenerd', FALSE);

INSERT INTO VIDEOCATEGORY (name, url)
VALUES
    ('Autos & Vehicles', ''),
    ('Comedy', ''),
    ('Education', ''),
    ('Entertainment', ''),
    ('Film & Animation', ''),
    ('Gaming', ''),
    ('Howto & Style', ''),
    ('Music', ''),
    ('News & Politics', ''),
    ('Nonprofits & Activism', ''),
    ('People & Blogs', ''),
    ('Pets & Animals', '');

INSERT INTO POST (id, date, authorusername)
VALUES
    (1, '2024-12-24 16:30:09', 'cadeachave'),
    (2, '2024-12-24 16:30:14', 'coisadenerd'),
    (3, '2024-12-24 16:30:33', 'cadeachave'),
    (5, '2018-05-06 12:30:01', 'jschlatt'),
    (4, '2018-05-06 12:32:28', 'jschlattLIVE');

INSERT INTO VIDEO (title, allowcomments, id, postid, length, thumbnail, description, videocategoryname)
VALUES
    ('ELE COMPROU OS MELHORES PRESENTES - Ep.1722', true, 'f-ZeYC_EK-E', 1, 1200, '\xffd8ffe000104a46494600010100000100010000ffdb0043000a07070807060a0808080b0a0a0b0e18100e0d0d0e1d15161118231f2524221f2221262b372f26293429212230413134393b3e3e3e252e4449433c48373d3e3bffdb0043010a0b0b0e0d0e1c10101c3b2822283b3b3b3b3b3b3b3b3b3b3b3b3b3b3b3b3b3b3b3b3b3b3b3b3b3b3b3b3b3b3b3b3b3b3b3b3b3b3b3b3b3b3b3b3b3b3b3b3b3bffc0001108005a007803012200021101031101ffc4001c0000020301010101000000000000000000000603040507020108ffc4003e1000020103020502040207040b000000000102030004110521061213314122511461718191a1153242b1c1d1e107232462173335435253728292a2f1ffc400190100030101010000000000000000000000000304010205ffc4002f11000103030203070207000000000000000100021103213104124151610513527181b1f0152223328291a1c1d1ffda000c03010002110311003f00e33456c8d22d228c4973348a0ee154824fe5f9d51992c8b62dd27c7f99c1fe02842a9454dd1f646ffcbfa54b02d98702e60b820ffcb9003f9a9a110aa514c16ba26977b916d773339ff76d8571ff006e3d5f639f95579f458ede4e4919c6d90430c11efda842c7a2989b84af521499b4ed4023950a7a2db96385db97c9200f7c8c6735e66e179eda68619ed2f2392e1b961464de46c818518dce48181bee3de859297e8adfb7e1b6ba99e1b7b7bc9a58ce1e38e32cc9bf2ee00c8dc81f538a9e7e10b8b542f7365a842aaa58b49095000206775ed9603ee3de844a59a2b75b42b7458598dc013b15889c7f78410085db73923b7bd4edc277096ef7074fd4ba51f37331848000fd63baf618393d860e685a96e8a646e0fd4032afe87d54173850d036e704e3f57be013f40681c17a9990a7e8cd415800486818601ce3b81df07f034212dd15b4dc3e52468e45991d095656182a477046363450b2549656771acdcb33025335bd6fa3a737420b16ba61fad81e95fbe29878634d8db4481e28c0775ee056b9ebd97f86b3b0691517380c1031faff004a417de15ac60012fe9fc126ee4659a18e05232a557183ec77ab5fe8d51642ed20c01dfb8addb192ebaab2496cd6fcdfac85b980efbe7ed5bed38168243ed5ceee6991185c9eff0084527eafe8a979e683bae0a9dbc8cf719f22b0a4b86beb5892e07f7eb274a427b9fafcff009575c920b4bb9baf6b2a0ba81b9f11b0efe5587cc022b9471108acf88af121070b76f211e324ff00f7f1a63492121e1bb817616a26b7a8417ad7b08b58ef6770b3de2c2565948218e7d58dca8c950a4fbd79bbd6efeeaff4fbb6e8892cae44911e5909e7055864c8cccc32836ce3bfb9a5f37d21b8131c9e5390849c0afa35090b233c609462c093befe29715ad75e8efecc33f6917b6716f7bf3f44c56dc4fadd9dc44b05cc3d424752492d8869cae3959db6e76014007d89f24932cfc4faade4dd3b85b4951e1746496290ab296462082fee8a411ed4b0fa816657e8c6394e4f31241fe55f26d526b7923e6830021c2b13920f9c9dfc51f8df21683d99267123c58b4e7d7fa4c50f10ea9118adac6e23b28e1265582084c6b9246720927048fccd126bf76f7a97b3ada8d4195923bb301eac60e4606fcbb06c02412079a598af5e6691a28021319424392467cef5ea6bf979a233202f1f6c7ed6e3bfe15a0569e9e896f3d9c1a604bbf54647ae27e426f8f8bf58178f21bb495964eb7218db08dc8c98001ce395cedbef8237a0717eaf25cccdcd17294505713a9d8b63612027b9f96fda931754912e2494c61baa31c99c63ef5a50437f2442e574e91a275ee8acc4019dc1ef587bd1f02e9bf4f306389f162f1cfa4f1535cdd4d35e4d2c8deb91cbb74fd0a0939d97c0dfb514f9c25c3bc2dc45a32ddcd1dd1b94004aa65c64ff00940f1ed4554c69da272bc4af56936ab8331263c959e14ff64598c6cb1283f5c535086391473283499c257cbfa35236c0e4000f734c1aaf115ae91143cfea79865467c0f352f12afcc1566f22488a80177f1572180fc2a2b0c8229035ed7ad75bcdb4766d2315da46eca7c11f3156b41d66eecae218afae6e5ad97605c6fdb6cedb8a040b94c224000a705d22d85d0ba5891661de40b8661ec4f915c3b59b69ef38aefe082369a696f245441dc9e735df6dee22b98bab0b8743e41afcf7acaf5389350230e3e2e5efff0059a7b1b38525404984cfc39c09617ed0b6afac2c05da4492da1650f1b237290cc491b91e07d0d3e69fc15c256d22ac1a2c5720920cb72e66048f93123f015c87861258b5d8923e907991a352e4851919c938f953e7c0dfa6912ac496b24df12bcbd1ba4f28de4e31d8d3cb2b0c3242f3aa53d5ee3b5848e73fc272b5d274a8f55b958347b585a109eb581542ede36ae0dc55ac36b9c497b7dcfcd1990a43edd35d97f1eff7aeb1a34ba8c5a1eb56ba85c0b3bbb983a76a659c49eae560580527b656b94dff000a6a9a7ce602b14e447d4e685f2bcb9c772079ae493171056d10e13bc41e454dc2d6d05cc970277e500023f3ac89a5171752483752c797e9e2a5115ed9452868648c38c138f7dbbfcea4b5b06760aecb19c1382704d724d950d6fdc4a34eb392f2f512342d83e06715d774248628d2d890102811b3214248ee086fde0d2bf04e9c52e8c9126718fad3bea31aea53450c12ac6d18fdb8d8fabdf22a773a4c2b69b202fba2c5069f7e25b689423b3921483dce7c1fad157e4486d4c2c155189f5f20c02de4fde8a731d1c5799a89df65ca740d6444d1ab378c6079f6a68b5b98b57bcb649e20e60cf32b007db6fca91b50d3df46161347cc4490292476e61dea5b2d7a5b4b9eb2be09239bc67e5fbeb82d9b85e836a6db15d364d3745b29b9a5b58e324e00048fcbb55b1a46997482e12491142e3d0dfbf34950eb297d72d35e484c8a4f2e7c1ed57e6e208ac2c1e2b6f49601719eddeb88384fef444cad6b5d47f4069978ee79829247337b0dab9ec7676573c9732dbb209c891cbc8d8249ddb3f8d43a9eb725d4020e772a7b9c6c7cd4b657f372456a10648e4463b607b5340ab4dbb98279f92f3eb6dacf0cdc5b7e0af69ba669635689a250a039dd653b0edefed4ced0d98b67b712068de4129f5293cc010083e3b9af7c20247d650744b374dc8c76538c6f9c7bd357563b29de5b82a8a70bdfdb3fcea53db1a9a76148c79f51d3d5487b3b524cd3d539b178bffa953e197a0ab6abd592353ca39864d632c70b3dddb5cf2c176f10e94721e563ea1b0f07fa5617f68daa9bbe33b86b5959638a28d0723100fa79b3ff00b566e917c6293ab72c65c6c398e6adef0d702a384128a746ad307bda85e67256e1b71f097b0dc9c482dc4839fcb2cb1ec3ec4d602375eda275039a33bfe22b4f8875980da2c36cdfebfd5e9fd91edf8edf6ac6d3db91f76d9bbf379a36aa596174e1a2ea136938b885a29908dc061e69b387f8920b8b8713dac8ae3d45937c0f24fcab94983e1e73cea42139048fdf4cba1dcc5641af93a67a31c99c0c7365194023ea47df158da2d266531d5dc0442e95751cfa8ea6d60bca8444278c92402b9c1c1f7071f8d14a5c49ae6a16da7e9ba8d95d344e8bc9284fdad8636fa834531ad6b84a96a31db960e99acdb7c0269dafdb48f08d96458f3d31f3df247cc6ff005ef531e00b5bdff13a4ea4b3424e41460f8f91aa1f15a21460f791640d8890303f635035e68ea4496d7263940c73c732c647df2298fa0d996985acd43859c256fda7f6737733b3c9aa843cdb81167f8d55e24e1fb6d0f4e6852fe5b8bd7c10ad801579802703e46bce8bc617f05e456cba9db3c729039efee179507b960491f7acad53514bdd41c5cdec0f349262474994c6001d81f6dfdfc7ce96ca2edf0e298faed0d9685941ba5e852656c6cc7b0c7b57b839a2bb4b8939d9d0e410d82bf4c823f2abb2fc204c0bbb21b9dd66527b6de7b5401ed9b947c5db827de55fe757772c2209500d43daede05d3af065ff00c20b9be865f5201181200490ddfb63fe115a7aa6a97b788505b19727230871f5db6a4fd035eb4d1ee0f527b7686621643d404a7f9863be3c8a739757e1e8e3339e22b07270bd3495492773e4f6debc8d4d0a544cd47dba09f69577d6351f92869413e226dfb5bdd725d79654d6ee9678fa7206195f6f48c7e55044c7a671e37ab5c4d776f79c4577716f273c6ec086e6041d80db15460b8080e1941c637f34d6105a08c2ea5ee12f10ee3189e31d147cc5e4e63db3e6b4ed63590052ccb8ecca3b7f4aca52bcfbb0001cf7ad7b59addd70d34687c16900fe34e62c7ad5d367944a2cae0ac578b8e9349fab2afb1f9fb63e9e2b5b55b4b7b6d385c9b64b595b018c2844727b6f8d8fca972f2ea29ec9254b8816e6d181189465d7c81ee477a61d3f8ad2f748f8599ed0f3a94905dceaabf70773f85336349cdd2f7b9a316506a37c936852c454927010918df393f97f1a2b2afa5b6d905f42c23185e49f980f9024d1496b22d29c5f374a9451452d748a28a284228a28a108a28a284228a28a108a28a284228a28a108a28a2842ffd9', 'Experimente Epidemic Sound agora: https://www.epidemicsound.com/campaign/ambassador-sign-up/?_us=Affiliate&_usx=YTBCBR7_AnimaZ&utm_source=ambassador&utm_medium=affiliate&utm_campaign=YTBCBR7_AnimaZ Use o link acima para começar sua avaliação gratuita e descubra como a Epidemic Sound pode elevar seu conteúdo para outro nível. Acompanhe nosso trabalho em outros canais! https://www.youtube.com/coisadenerd https://www.youtube.com/channel/UChmOR1T5ZNnbRUba3lHRTOg https://www.youtube.com/queroouvirpodcast https://www.youtube.com/financeiro Nos siga no Instagram: Instagram do Leon: https://instagram.com/coisadenerd Instagram da Nilce: https://instagram.com/nilmoretto Music by: Epidemic Sound www.epidemicsound.com Trilha Sonora: ES_ Shopping for Christmas - Home for the Hollidays ES_ Christmas Magic - Megan Worford The Bazaar Canon - Hanu Dixit ES_ Walking My Baby Home - J.F.Gloss ES_ O Come All Ye Faithfull - Traditional', 'Entertainment'),
    ('A Tribute to Minecraft', true, 'zNZ1rq5kW4M', 5, 720, '\x00000200000200000200000200000200000200000200000200000200000200000200000200000200000200000200000200000200000200000200000200000200000200000200000200000200000200000200000200000200000200000200000201010301010301010301010301010301010301010301010301010301010301010301010301010301010301010301010300010300010300010300010300010300010300010300010300010300010300010300010300010300010300010300010300010300010300010300010300010300010300010300010300020300020300020300020300020300020300020300010300000001000001000001000000000000000000000000000000000200000200000200000200000200000200000200000200000000000000000000000000000000000000000000000000000000000000000000000000000000000000000000000000000000000000000000000000000000000000000000000000000200000200000200000200000200000200000200000200000200000200000200000200000200000200000200000200000200000200000200000200000200000200000200000200000200000200000200000200000200000200000200000201010301010301010301010301010301010301010301010301010301010301010301010301010301010301010301010301010300010300010300010300010300010300010300010300010300010300010300010300010300010300010300010300010300010300010300010300010300010300010300010300010300020300010300020300020300020300020300010300000001000001000001000000000000000000000000000000000200000200000200000200000200000200000200000200000000000000000000000000000000000000000000000000000000000000000000000000000000000000000000000000000000000000000000000000000000000000000000000000000000000000000000000000000000000000000000000000000000000000000000000000000000000000000000000000000000000000000000000000000000000000000000000000000000000000000000000000000000000000000000000002000102000102000102000102000102000102000102000102000102000102000102000102000102000102000101010101010101010101010101010101010101010101010101010101010101010101010101010101010101010101010101010101010101010101010101010101010101010101010101010101010100020101010100020100020100020100020100020100000001000001000001000001000001000001000001000001000000000000000000000000000200000200000200000200000000000000000000000000000000000000000000000000000000000000000000000000000000000000000000000000000000000000000000000000000000000000000000000000000000000000000000000000000000000000000000000000000000000000000000000000000000000000000000000000000000000000000000000000000000000000000000000000000000000000000000000000000000000000000000000002000102000102000102000102000102000102000102000102000102000102000102000102000102000102000102000102000101010101010101010101010101010101010101010101010101010101010101010101010101010101010101010101010101010101010101010101010101010101010101010101010101010101010101010101010100020101010101010101000001000001000001000001000001000001000001000001000001000001000000000001000200000201000200000200000000000000000000000000000000000000000000000000000000000000000000000000000000000000000000000000000000000000000000000000000000000000000000000001000001000001000001000001000001000001000001000001000001000001000001000001000001000001000001000001000001000001000001000001000001000001000001000001000001000001000001000001000001000001000001000004000004000004000004000004000004000004000004000004000004000004000004000004000004000004000002010001000001000001000001000001000001000001000001000001000001000001000001000001000001000001000001000002000102000102000102000102000102000102000102000101000001000001000001000001000000000001000001000001000003000003000003000003000003000003000003000003000003000003000001000003000001000003000001000000000000000000000000000000000000000000000000000000000000000000000000000000000000000000000000000000000000000000000000000000000000000000000000000001000001000001000001000001000001000001000001000001000001000001000001000001000001000001000001000001000001000001000001000001000001000001000001000001000001000001000001000001000001000001000001000004000004000004000004000004000004000004000004000004000004000004000004000004000004000004000002010001000001000001000001000001000001000001000001000001000001000001000001000001000001000001000001000002000102000102000102000102000102000102000102000101000001000001000001000001000001000001000001000003000003000003000003000003000003000003000003000003000003000003000003000003000003000003000001000001000000000000000000000000000000000000000000000000000000000000000000000000000000000000000000000000000000000000000000000000000000000000000000000001000001000001000001000001000001000001000001000001000001000001000001000001000001000001000001000000000000000000000000000000000000000000000000000000000000000000000000000000000000000000000000000002010002010002010002010002010002010002010002010002010002010002010002010002010002010002010002010001000000000200000200000200000200000200000200000200000200000200000200000200000200000200000200000201010101010101010101010102000102000102000102000101000001000001000001000001000001000001000001000001000201000201000201000201000201000201000201000203000003000003000003000003000003000003000001000001000000000000000000000000000000000000000000000000000000000000000000000000000000000000000000000000000000000000000000000000000000000000000000000000000200000000000200000000000200000000000200000000000200000000000200000000000200000000000200000000000200010000000200010000000200010000000200010000000200010000000200010000000200010000000200000001010101010101010101010101010101010101010101010101010101010101010101010101010101010101010101010100000200000200000400000200000400000200000400000200000400000200000400000200000400000200000400000200010300020100010300020101010301010101010301010100000200000000000200000001000200000001000200000201000200000201000400000201000401000201000201000201000203000003000003000003000003000003000001000000000000000000000000000000000000000000000000000000000000000000000000000000000000000000000000000000000000000000000000000000000000000000000000000001020600010300010500010300010500010300010500010300010500010300010500000200000400000200000400000201020600030401020600030401020600020300010500020300010500020300010500020300000400010200000400000200010300010300010300000200000200000200000200000201020401020401020401020401020401020402030500040700020500020500010600020500010600020500020700030600010600020500010600020500010600020500010600020500020500020300020500020300020500020300010500010301020601020401020600010301000500010301000500010502010601020602010701020601000601000500000400000400000401000202000302000303010403010403010404020504040602030501020400010300010301020403040604050700010300010300010301020401020401020402030502030500000200000200000200000200000200000200000200000202070b01060a00050900040800030700010500010500010500040800040800030700030700030700030700030700030700040800040800040800040800040800040800040800040800050900050900050900050900050900050900050900050900050900050900050900050900040800040800030700030700010500010500010500020600020600020600020600030600030900030900030900030900040a00040a00040a00040a00040a00040a00040a00040a00040a00040a00040a00040a00050800050800050800050800050800050800040800040800040800040800020700020700020700020700020700020700010800010800010800000500000700000500000500000400000500000400000400000200000201010301010301010300010300010300010300010300010300010300010300010300000200000200000200000200000200000200000200000200000200000200000201010302020403030504040604040600030b00030b00030b00030b00030b00040c00040c00040c00020a00030b00030b00030b00040c00040c00040c00040c00050c00050c00050c00060d00060d00070e00070e00070e00040b00040b00040b00050c00050c00060d00060d00070e00070b00070b00070b00070b00070b00070b00070b00070b00050900050900050900060a00060a00060a00060a00060c00050e00060e00060e00060e00070f00070f00070f00070f00070f00070f00070f00070f00070f00070f00070f00070f00060c00060c00060c00060c00060c00060c00060c00060c00050c00050c00050c00040b00030b00030b00030b00030b00040c00040c00040c00030900020b000309000208000206000209000207010207000105000105000105000105000105000002000002010204020305010204000103000002000002010204010204010204000103000103000103000002000002050507040406040406030305020204010103010103000002747e88757f8978828c7c8690808a94848e9887919b88929c949ea8949ea896a0aa97a1ab99a3ad9ba5af9ca6b09da7b1a1aeb7a1aeb7a2afb8a3b0b9a4b1baa5b2bba5b2bba6b3bcafbcc5afbcc5b0bdc6b1bec7b2bfc8b3c0c9b4c1cab4c1cabccbd2bacbd2bccbd2bbccd3bdccd3bccdd4becdd4bccdd4c4d3dac2d3dac4d3dac2d3dac4d3dac2d3dac5d4dbc3d4dbc6d7e1c6d7e1c6d7e1c6d7e1c6d7e1c6d7e1c7d8e2c7d8e2c7d8e2c7d8e2c7d8e2c7d8e2c7d8e2c7d8e2c7d8e2c6d8e2c8dbe2c8dbe2c8dbe2c9dae2c9dae2c9dae2cbd9e2cbd9e2c8d5dec8d5dec8d5dec8d5decad4dec9d3ddc9d3ddc9d3ddc8d2dcc8d2dbc8d2dbc7d1dac8d1dac7d0d7c7d0d7c7d0d5c7ced6c6cdd3c8cdd3c7ccd0c6cbcfc6cbcec6c9cec6cacdbebfc1c0c1c3c3c4c6c4c5c7c3c4c6c0c1c3bcbdbfb9babcb4b5b7b4b5b7b3b4b6b2b3b5b1b2b4b0b1b3b0b1b3afb0b2adadafababada8a8aaa3a3a59f9fa19a9a9c9797999595977987927b89947f8d9884929d8997a28e9ca792a0ab94a2ad95a3ae96a4af98a6b19ba9b49fadb8a2b0bba4b2bda5b3bea9bac4aabbc5abbcc6adbec8aebfc9b0c1cbb1c2ccb1c2ccb1c2ccb2c3cdb3c4ceb5c6d0b7c8d2b8c9d3b9cad4b9cbd5bcd0d9bbd2dabed2dbbdd4dcc0d4ddbfd6dec2d6dfc0d7dfcbdfe8c9e0e8cbdfe8c9e0e8cce0e9cae1e9cce0e9cae1e9cde3f0cde3f0cde3f0cee4f1cee4f1cee4f1cee4f1cee4f1cfe5f2cfe5f2cfe5f2cfe5f2cfe5f2cfe5f2cfe5f2cfe5f2cfe5f0cee7eecee7eecfe6eecfe6eecfe6eed1e5eed1e5eed1e3edd1e3edd0e2ecd0e2ecd1e2ecd1e2ecd1e2ecd1e2ecd1dfead1dfe8d0dee7d0dee7d0dde6d0dde5d2dce5d2dde3cfd8e1cfd8dfcfd6deced5dbccd3d9cbd3d6ccd1d7cbd0d4c9cdd0cdced0cfd0d2d0d1d3cfd0d2cbcccec6c7c9c3c4c6babbbdb9babcb8b9bbb7b8bab5b6b8b4b5b7b3b4b6b2b3b5b7b7b9b5b5b7b1b1b3acacaea7a7a9a2a2a49e9ea09c9c9e7f8f9e7f919f8393a28597a58a9aa98c9eac90a0af90a2b096a6b597a9b79aaab99dafbda1b1c0a4b6c4a7b7c6a8bac8a8bac8a8bbc9aabccaabbeccaec0ceafc2d0b2c4d2b1c4d2b5c7d5b5c8d6b8cad8b9ccdabccedcbdd0dec0d2e0c0d3e1bed6e2bdd8e1bed9e4bfdae3c1dce7c3dee7c4dfeac4dfe8c9e4efc9e4edc9e4efc9e4edc9e4efcae5eecae5f0cae5f0cae4f1cae4f1cbe5f4cbe5f2cbe5f4cbe5f2cbe5f4cbe5f2cce6f5cce6f3cce6f5cce6f3cce6f5cce6f3cce6f5cce6f3cae6f1cae6f1cae6f1cae6f1cbe6f1cbe6f1cde5f1cde5f1d0e6f3d0e6f3cfe5f2cfe5f2d1e4f2d1e4f2d1e4f2d2e4f0d1e3efd1e3edd1e2ecd1e2ecd0e1ebd2e0e9d2e0e9d3e0e8cfdce4d1dbe4cfd9e2ced9dfcdd6ddcbd4d9cad3d8cad2d5ced2d5d1d2d4d1d2d4d1d2d4cfd0d2cbcccec8c9cbc6c7c9c4c5c7c3c4c6c2c3c5c0c1c3bebfc1bcbdbfbabbbdbabbbdb5b5b7b4b4b6b3b3b5b0b0b2aeaeb0ababada9a9aba8a8aa8798a8879aa98b9cac8da0af92a3b395a8b798a9b999acbb9eafbf9eb1c0a1b2c2a2b5c4a6b7c7a8bbcaabbcccabbecdadc0cfacc2d0b0c3d2b0c6d4b4c7d6b5cbd9b9ccdbb8cedcbacddcbad0debdd0dfbed4e2c3d6e5c3d9e7c7dae9c6dceabfd9e6bfdbe6c0dce8c2dee9c4e0ecc6e2edc8e4f0c9e5f0c7e3efc7e3eec8e4f0c8e4efc8e4f0c8e4efc8e4f0c8e4f0c9e6f4cae7f5cae7f7cae7f5cae7f7cae7f5cae7f7cae7f5cbe8f8cbe8f6cbe8f8cbe8f6cbe8f8cbe8f6cbe8f8cbe8f6cdedfacdedf8cfedf8cfedf8cfedf8cfedf8d0ecf8d0ecf8d0eaf7cfe9f6d1e8f6d1e8f6d2e8f6d2e8f6d2e8f6d2e8f6d0e3f1cfe3eed0e2eed0e2eecfe1edd0e1ebd0e1ebd1dfe8d1dfe8d1dee6cfdce4cddae0cdd8decbd6dcc9d4dacad1d7d4d7dcd5d6dad3d4d8d1d2d6cfd0d4cccdd1cacbcfc9cacec7c8ccc6c7cbc4c5c9c2c3c7bfc0c4bdbec2bbbcc0babbbfbab9beb9b8bdb8b7bcb7b6bbb5b4b9b4b3b8b3b2b7b2b1b6899da88ca0ab90a3b195a8b69baebca1b4c3a5b8c7a7bac9a1b4c3a1b4c3a2b5c4a4b7c6a5b8c6a7bac8a8bbc9a7bdc8abc2c8abc4c9aec5cdb0c6d1b3c9d6b6ccd9b8cedcb9cfddb9cfddbad0debfd2e0bfd5e2c4d7e5c5dbe8c9dcebc8deecc4dfeac4e0ebc6e2edc8e4efcbe6f1cde8f3cfeaf5d0ebf6cde8f3cde8f3cde7f4cee8f5cde9f5cde9f5cde9f5cde9f5cce9f7cce9f7cce9f7cce9f7cce9f7cce9f7cdeaf8cdeaf8cdeaf8cdeaf8cdeaf8cdeaf8cdeaf8cdeaf8cdeaf8cdeaf8cdeaf8cdebf6ceeaf6ceeaf6ceeaf6ceeaf6ceeaf6cfe9f6d3edfad5ecfad5ecfad5ecfad5ebf9d5ebf9d5ebf9d7eaf8d5e7f3d5e7f3d5e7f1d5e7f1d5e6f0d5e6f0d6e4edd6e4edd9e6efd8e5edd9e3ecd6e1e7d4dfe5d1dce2d0d9e0d0d7ddd7dadfd7d8dcd3d4d8d0d1d5cdced2cbccd0cbccd0cbccd0cdced2cccdd1cacbcfc7c8ccc4c5c9c2c3c7c0c1c5bfc0c4bebec0bdbdbfbbbbbdb8b8bab6b6b8b3b3b5b1b1b3b0b0b293a7a695a9aa94a7ab95a8ae9aaeb5a2b6bfa2b6c19cb0bb9db0bea2b6c1a9bfcaacc3cbaac1c7afc7cbb1c9cda8c1bea6c2b497b6a6b4d0c49bb6b1c0d8dabfd6dcb1c5ceb7cbd6bfd3dccadee7c8dbe2c3d7debdd0d7c3d7dec3d5dfc5d9e2cce5eccce5eccde6edcfe6eed2e6efd4e8f1d5e7f3d6e8f4d7e9f5d7e9f5d7eaf8d7eaf8d6ecf9d6ecf9d6eefad6eefad4eefbd4eefbd3edfad3edfad3edfad3edfad3edfad3edfad3edfad3edfad3edfad4eefbd4eefbd4eefbd4eefbd4effad7edfad7edfad7edfad7edfad7edf8d7edf8d7edf8d9edf8dbeffadceefadceef8dbedf7dbedf7daecf6daecf6dbecf6deecf5deebf3deebf3ddeaf2dfe9f2dee8f1dfe8f1dfe8efdee5eddde4ecdee2ebdde2e8dbe0e6dadfe5dadde4dadde2dbdce0dbdbdddadadcd8d8dad6d6d8d4d4d6d3d3d5d2d2d4ceced0ceced0cccccecbcbcdc9c9cbc7c7c9c6c6c8c5c5c7c4c2c3c3c1c2c1bfc0bfbdbebdbbbcbbb9babab8b9b9b7b896a8a897a9a99dafb1a4b6baa4b7bea1b4bba2b4bea7b9c3aec0caa5b8bfaabfc4b0c5c6b2c8c6879e98adc4bca3beafa9c5ac607f604563496c87748ca4979cb3ab98ada8b5c9c8c6d8d8cadcdec3d5d7cfe1e5c9dbdfccdde4d7e8f0d6e9f0cee5ebcee5ebd1e5ecd2e6edd5e6eed7e8f0dae8f3dae8f3dbe9f6dbe9f6dceaf7daeaf7daecf8d9edf8daedfbd8eefbd8eefbd7effbd7edfad6eefad7edfad6eefad7edfad6eefad7edfad6eefad7edfad7effbd8eefbd7effbd8eefbd8eef9dbedf9dbedf7dbedf9dbedf7dbedf7dbedf7dbedf7dcedf7deeff9deeff7deeff7ddeef6ddeef6dcedf5deecf5deedf4e0edf3e1ecf2e1ecf2e0ebf1e1eaf1e0e9f0e1e8f0e1e8f0e1e6ece0e5ebe0e3eadfe2e9dee1e8dcdfe6dddde5dddee3dcdbe0dcdcdedadadcd9d9dbd7d7d9d5d5d7d4d4d6d3d3d5cfcfd1cfcfd1cdcdcfcccccecacaccc8c8cac7c7c9c6c6c6c4c2c3c4c3c1c2c1bfc0bfbdbebdbbbcbbb9bbbab8bab9b79eaab6a1adb9a4b0bea6b2c0a6b4c1a7b5c2aab8c3acbac3b7c8cfb3c5c7a2b5b39bafa66a7e728ca1905269556e866e6f886a526c493e5835223c194c6442647c5c5c70557d907ab4c6b8d0e1d9c5d5d4cedde0d0dfe6d0dee9d8e6f1d3e4eed2e6efd0e7efd3e7f0d4e8f1d7e8f2d9eaf4dbe9f4dceaf5deeaf6ddebf6deecf7dcedf7ddeef8dceef8ddeffbdcf0fbdcf0fbdaf0fbdbeffad9effadbeffad9effadbeffad9effadbeffad9effadbeffadaf0fbdcf0fbdaf0fbdcf0fbdcf0fbddeff9deeff7deeff9deeff7deeff7deeff7deeff7e0eef7e2f0f9e2f1f8e2f1f8e1f0f7e1f0f7e0eff6e1eef6e1eef6e3eef4e3eef4e4edf4e3ecf3e3ecf3e2ebf2e3eaf0e2e9efe3e8eee2e7ede2e5ece1e4ebdfe2e7dee1e6dfe0e5dfe0e5dedde2dddddfdcdcdedadadcd8d8dad7d7d9d5d5d7d5d5d7d1d1d3d0d0d2cfcfd1cdcdcfcbcbcdcacaccc8c8cac8c8c8c6c4c5c5c4c2c4c3c1c2c1bfc0bfbdbebdbbbcbbb9bcbbb9aab1c1adb4c4adb4c6aab3c4abb4c5b0b9c8b6c0ccb7c4ccb2c0c3bdcbcb78878016281a3c4d3b45584231452c42593c5b73536a835c3e572d4e6839546c3a68804c5c744470875b95a888d7ead4d6e6dbcbdbd8cfdde0d1dfe8d5e1edd9eaf4d5e7f1d5e9f2d6eaf3d8eaf4daebf5ddebf6deecf7dfebf7e0ecf8e1eef7e1edf9e1eff8e1eff8e2f0f9e0f1f9e1f2fadff1fbdff1fbdff1fbdff1fbdff1fbdef0fadef0fadef0fadff1fbdff1fbdff1fbdff1fbdff1fbe0f2fce0f2fce0f2fce0f1f9e2f1f8e2f0f9e2f1f8e2f0f9e2f1f8e2f0f9e3f0f8e6f3fbe5f2f8e5f2fae5f2f8e4f1f9e4f1f7e6f0f9e5f0f6e6f1f7e5f0f6e6eff6e5eef5e5eef5e4edf4e5ecf2e5ecf2e5eaf0e5eaf0e5e8efe3e6ede2e5eae1e4e9e2e3e8e1e2e6e0e0e2dfdfe1dedee0dcdcdedadadcd9d9dbd7d7d9d7d7d9d3d3d5d2d2d4d1d1d3cfcfd1cdcdcfcccccecacacccacacac8c6c7c7c6c4c6c5c3c4c3c1c2c1bfc0bfbdbebdbbbebdbba6acbaaab0beafb5c5b5bbc9bbc1cfbdc5d0bcc5ceb9c4caafbabcb8c4c26b78711222153a48373b4d371a2c14495d41546c4a4c653d3953232e491255723259763353702d728f4f738b57a6bf95c3d7bbcde2d1d0e1dbd2e4e4d6e5ece0f1fbd8eaf4d8eaf6d9ebf5dcedf7ddeef8e0eef9e2eff8e4eef8e5eff9e5eff8e6f0fae4f1f9e5f2fae6f3fbe6f3fbe6f3fbe5f3fce5f3fce5f3fce4f2fbe4f2fbe4f2fbe4f2fbe4f2fbe4f2fbe5f3fce5f3fce5f3fce5f3fce5f3fce5f3fce6f5fce6f3fbe6f3f9e6f3fbe6f3f9e6f3fbe6f3f9e6f3fbe8f3f9eaf5fbeaf5f9eaf5fbe9f4f8e9f4fae9f4f8e9f2f9e9f2f7e9f2f7e9f2f7eaf1f7e9f0f6e8eff5e8eff5e9eef4e9eef4e9ecf1e9ecf1e8ebf0e6e9eee7e8ede5e6ebe4e5e9e4e5e9e2e2e4e2e2e4e0e0e2dfdfe1dddddfdbdbdddadadcd9d9dbd5d5d7d4d4d6d3d3d5d1d1d3d0d0d2ceced0cdcdcfcccccccac8c9c9c8c6c8c7c5c6c5c3c4c3c1c2c1bfc1c0bec0bfbdabafbab4b8c3b3b7c3adb3bfb7bec8b8c1ca959ea5656e733a44450e1a183f4c45243427192a182839262638223d51363e533448613a3650216c8750486523607e3669883c56742a5f7c395c783d8ca677d0e8c6dbf1dcdef2e7dbeeecd3e5e9dcedf5dcedf7dfedf8e0eef9e2eefae3f0f9e6f0fae7f1fae9f2fbe9f2f9e9f2f9eaf3faebf4fbebf4f9ecf5faecf5fceaf5fbeaf5fbeaf4fdeaf5fbeaf4fdeaf5fbe9f3fce9f4faeaf4fdeaf5fbeaf4fdeaf5fbebf5feebf6fcebf5feebf6fceaf5fbeaf5f9ebf4fbebf4f9ebf4fbebf4f9ebf4fbebf4f9eef7fceff7faeef5fbeef6f9eef5fbedf5f8edf4faedf4faecf3f9ecf3f9ecf3f9ebf2f8ebf2f8ecf1f7ecf1f7ebf0f4eceff4ebeef3eaedf2e9ecf1e9eaefe8e9eee7e8ece6e7ebe4e4e6e4e4e6e2e2e4e1e1e3dfdfe1dddddfdcdcdedbdbddd7d7d9d6d6d8d5d5d7d3d3d5d2d2d4d0d0d2cfcfd1cecececccbc9cbcac8cac9c7c8c7c5c6c5c3c4c3c1c3c2c0c2c1bfa8b0b3b3bbbeb4bbc1aeb7bcb8c1c6b3bcc17c858a3843451e2a2a2a39362130292b3c321c2e201426161a2d1a4154403e5237283d1c283e18576e40536e37425f1f54742b68883c69893d5a7a31799757bedaa7cee7c0d7eed4e4f9eadff2eee0eff4e0eef7e2eff8e3f0f9e6f0fae8f1fae9f2fbeaf3faecf3fbecf3f9ecf3f9edf4faeef5fbeef6f9eff7faeff7faeef5fbeef5fbeef5fdeef5fbeef5fdeef5fbedf4fcedf4faeef5fdeef5fbeef5fdeef5fbeff6feeff6fceff6feeff6fceef5fbedf7f9eef5fbeef6f9eef5fbeef6f9eef5fbeef6f9f1f9fcf3f8fbf2f7fbf2f7faf2f7fbf1f6f9f1f6faf1f6faf0f5f9f0f5f9f0f5f9eff4f8eef3f7eff2f7eef1f6eef1f6eef1f6edf1f4eeeff3edeef2ebecf0eaebefe9eaeee8e9ede6e6e8e5e5e5e4e4e4e2e2e2e0e0e0dfdfdfddddddddddddd9d9d9d8d8d8d7d7d7d5d5d5d3d3d3d1d1d1d0d0d0cfcfcfcecdcbcdcccacccbc9cac9c7c8c7c5c6c5c3c4c3c1c3c2c0b3bbbdb3bdbeb6c0c2b7c1c3a6b0b2798585414d4d1725251c2b281b2c2626372f1b2f24263a2e1b32220b22104156432538222c3e242336184d633d475e3026410a45622267873e55742868873b65833d7692557890608ca27cc0d4bbe1f1e4e4eff1e4eef7e6eff8e7f0f9e9f0f8eaf1f9ebf2f8ecf3f9eff4faeff4f8eff4f8f0f5f8f1f6faf1f6f9f3f7faf2f7faf2f5faf1f6faf2f5fcf1f6faf2f5fcf1f6faf1f4fbf0f5f9f2f5fcf1f6faf2f5fcf1f6faf3f6fdf2f7fbf3f6fdf2f7fbf1f6faeff7faf1f6faf1f6faf1f6faf1f6faf2f5faf1f6f9f5f9fcf5f9fcf4f8fbf4f8fbf6f7fbf3f7f8f5f6faf3f7faf2f6f9f1f6faf2f5faf1f4f9f0f3f8f0f3f8eff2f7eff3f6eff3f6eef2f5eff0f4eeeff3ecedf1ebecf0eaebefe9eaece7e7e7e6e6e6e5e5e5e3e3e3e1e1e1dfdfdfdedededddddddadadad9d9d9d8d8d8d6d6d6d4d4d4d2d2d2d1d1d1d0d0d0cfcecccecdcbcccbc9cac9c7c8c7c5c6c5c3c5c4c2c4c3c1b5bfc0adb9b9b8c4c4b6c2c28d99997887842e3d3a283933192a24192d241a2e23354b3e1930202d4633233c291f36222334211f2e1927371d475a3c526641374e223d5521668245607b384f6a25637e3b7993546c834d6d83559eaf8bd4e2cbe8f1ece8edf1edf2f6f5fafef0f5f9eef3f7f3f8fcf2f7fbf3f6fbf3f7faf4f8fbf4f8f9f4f8fbf5f9faf7f8faf5f9fcf7f8fcf5f9fcf7f8fdf5f9fcf7f8fdf5f9fcf7f8fdf5f9fcf7f8fdf5f9fcf7f8fdf5f9fcf7f8fdf5f9fcf7f8fdf5f9fcf5f9fcf4f9fcf5f9fcf5f9fcf5f9fcf5f9fcf7f8fcf5f9faf7f8faf7f8faf7f8faf7f8faf8f8faf7f9f8f8f8faf7f8faf7f8fcf4f8fbf6f7fbf6f7fbf5f6faf5f6faf5f6faf4f5f9f3f4f8f3f4f6f3f3f5f2f2f4f0f0f2efeff1eeeef0edededeae8e9eae8e9e8e6e7e6e4e5e4e2e3e1dfe0e0dedfdfdddedddbdcdcdadbdbd9dad9d7d8d6d4d5d4d2d3d3d1d2d2d0d1d0cfcdcfcecccecdcbcccbc9cac9c7c9c8c6c7c6c4c6c5c3afbab4bcc7c1b3beb8c0cbc5b6c1bb505d5428382e26362c1c2d231f3125203428364b3c233a2a334a382b443129402c3f503d32412c2d3f253a4d314359353b52283f5929658049456126334f12536d3081995f3a511b647847819266d7e5c4ebf1e5ebedeceef0efc6c8c7bec0bff2f3f5f2f3f5f6fafbf3f7f8f4f8f9f4f8f9f4f8f9f7f8faf7f8faf7f8faf8f9fbf7f8fcf7f8fcf7f8fcf7f8fcf7f8fcf7f8fcf7f8fcf7f8fcf8f9fdf8f9fdf8f9fdf8f9fdf8f9fdf8f9fdf8f9fdf8f9fdf8f9fdf6fafdf8f9fdf8f9fdf8f9fdf8f9fdf8f9fbf8f9fbf8f9fbf9f9fbf9f9fbf9f9fbf9f9f9f9f9f9f9f9f9f9f9f9f8f8faf7f8fcf6f7fbf6f7fbf6f7fbf5f6faf5f6faf5f6f8f4f5f7f3f4f6f3f3f5f2f2f4f1f1f3efeff1eeeeeeeeeeeeebe9eaeae8e9e8e6e7e6e4e5e4e2e3e2e0e1e0dedfdfdddededcdddddbdcdbd9dad9d7d8d7d5d6d5d3d4d3d1d2d2d0d1d0cfcdcfcecccecdcbcccbc9cbcac8c9c8c6c8c7c5c7c6c48a9181959c8cc7cebebec7b6c4cdbc99a4943a4736323e301d2b1c202e1f2131242c3c2f2537292b3d2f24392a22372634473123371c1d351529411d3651282d4a1c3653236684524b693733511d5a76434a6532354b1a627643889a68edf9d1f0f1dffcf9f2c2bfbaa09f9a888782fffffbf8f9f4f8faf7f6f8f5f6f8f7f6f8f7f7f9f8f8f8faf9f9fbf9f8fdf9f8fdf9f9fbf9f9fbf9f9fbf9f9fbf9f9fbf9f9fbf9f9fbf9f9fbf9f9fbf9f9fbf9f9fbf9f9fbf9f9fbf9f9fbf9f9fbf9f9fbf9f9fbf8f9fbf9f9fbf9f9fbf9f9fbf9f9fbf9f9fbf9f9fbf9f9f9faf8f9faf8f9faf8f9faf8f9faf8f9faf8f9f9f9f9f8f8faf8f8faf8f8faf8f8faf7f7f9f7f7f9f7f7f9f6f6f8f6f6f8f5f5f5f4f4f4f3f3f3f1f1f1f0f0f0efefefeeeeeeeceaebebe9eae9e7e8e7e5e6e5e3e4e3e1e2e1dfe0e0dedfdfdddededcdddcdadbdad8d9d8d6d7d6d4d5d4d2d3d3d1d2d1d0ced0cfcdcfcecccdcccacbcac8c9c8c6c8c7c5c7c6c455553b79795f9e9e84a9ac91b6b8a0c5c9b2848973272c18242b19262f1e283021253022263123212d211d291d1b29181d2f15283d1c2339132942183a55282f4c1c3b57266c8858405c2c26411448623572885a263a096d7e4a7f8e57d3dcaff3f1dafffef17a74687b776b908c81cdcac1ecece4e5e6e0f8f9f4f7f9f6f7f9f8f8faf9f9f9fbf9f9fbfaf9fefaf9fef9f9fbf9f9fbf9f9fbf9f9fbf9f9fbf9f9fbf9f9fbf9f9fbfafafcfafafcfafafcfafafcfafafcfafafcfafafcfafafcfafafcfafafcfafafcfafafcfafafcfafafcfafafcfafafcfbf9fafbf9fafbf9fafbf9fafbf9fafbf9fafbf9fafbf9fafaf8fbf9f9fbf9f9fbf8f8faf8f8faf8f8faf7f7f9f7f7f7f7f7f7f6f6f6f5f5f5f4f4f4f2f2f2f1f1f1f0f0f0efefefedebececeaebebe9eae9e7e8e6e4e5e4e2e3e3e1e2e2e0e1e0dedfdfdddedddbdcdbd9dad9d7d8d7d5d6d5d3d4d4d2d3d2d1cfd1d0cecfcecccecdcbcccbc9cac9c7c9c8c6c8c7c55349256f65417169456c64406d6443807a5abcb79a8882682a260d2927122b2a182627172b2c1e24261925271a2226152734164d5f3737491f263c0d3c52213c5420475d2c6177463e54262c3f125a6b3f616e424f5829777f4c8d945e707243928b6eaa9f8b79715e797260938c7c898677a4a295eaeae0f9faf2f9faf5f8faf7f8faf9fafafcfaf9fefbfafffbfafffafafcfafafcfafafcfafafcfafafcfafafcfafafcfafafcfbfbfdfbfbfdfbfbfdfbfbfdfbfbfdfbfbfdfbfbfdfbfbfdfbfafffbfafffbfbfdfbfbfdfbfbfdfbfbfdfcfafdfcfafdfcfafdfcfafdfcfafbfcfafbfcfafbfcfafbfefafbfefafbfdf8fcfbf9fcfbf9fafaf8f9faf8f9f9f7f8f9f7f8f9f7f8f9f7f8f8f7f5f7f6f4f6f5f3f3f3f1f2f2f0f1f1eff1f1efefeeeceeedebecebe9eae9e7e8e7e5e6e5e3e4e3e1e3e2e0e1e0dee0dfdddedddbdcdbd9dad9d7d8d7d5d6d5d3d5d4d2d2d1cfd2d1cfd0cfcdcfcecccdcccacbcac8cac9c7c9c8c65c462156421d64502b5c4a2663512d6555337565446c5d3e5244274b40244a4027423a233d3520352e1b352e1c2e29132e2f0d565d334e55294f58296972435a6634475021434c1d424b1c494f215b5e31656436615d2d857d4c9a905d7a6f417a6b4c7163497468508b806a7e7661827b69e2dfcefbf9ecfafaf0fafbf5f9fbf8f9fbfafbfafffbfafffbfafffbfafffbfafffbfbfdfbfbfdfbfbfdfbfbfdfbfbfdfbfbfdfbfbfdfcfcfefcfcfefcfcfefcfcfefcfcfefcfcfefcfcfefcfcfefcfbfffcfbfffcfcfefcfcfefcfcfefcfcfefdfbfefdfbfefdfbfefdfbfefdfbfcfdfbfcfdfbfcfdfbfcfffbfcfffbfcfef9fdfef9fdfbf9fafbf9fafbf9fafaf8f9faf8f9faf8f9faf9f7f9f8f6f8f7f5f7f6f4f4f4f2f3f3f1f2f2f0f2f2f0f0efedefeeecedeceaebeae8e9e8e6e7e6e4e5e4e2e4e3e1e2e1dfe1e0dedfdedcdddcdadbdad8d9d8d6d7d6d4d6d5d3d3d2d0d2d1cfd1d0cecfcecccecdcbcccbc9cac9c7cac9c759381960412248290a533616533616543a195d43225a4220634c2a5b4724604d2c6353325d4d2c62533468593a635433695b346c6036685c326d643b7e754c756e44675e336c6436807645504412665623897542806937735727896a3c84673f7b674682715599896f92846a988e759b937ee5e0cdfffff1fbfbeffafbf3f9fbf6fafcfbfafbfffbfcfffcfbfffcfbfffbfcfffbfcfefbfcfefbfcfefbfcfefbfcfefbfcfefbfcfefbfcfefbfcfefbfcfefbfcfefbfcfefbfcfefbfcfefbfcfefcfbfffcfbfffcfbfffcfbfffcfcfefcfcfefdfbfefdfbfefdfbfefdfbfefdfbfcfdfbfcfffbfcfffbfcfffbfcfffbfcfefafbfefafbfefafbfefafbfdf9fafdf9fafcf8f7fcf8f7fbfaf8faf9f7f9f8f6f8f7f5f6f5f3f5f4f2f4f3eff3f2eef3efeef2eeedf0ecebeeeae9ece8e7eae6e5e8e4e3e7e3e2e4e0dfe4e0dfe2dedde0dcdbdedad9dbd7d6dad6d5d9d5d4d4d3d1d3d2d0d2d1cfd0cfcdcecdcbcccbc9cbcac8cac9c76441256845296744266a492a6645247352316948275e401e684c275f431e6248236b512c5c441e664e286c5430654d276e56305e471e634c235d47205c4621644e295f4922675026654d1f795d2b92733d85642e89642f926a37956a3f9772488a6c46856f4a9e8a65c5b591968c69aca588d4d2bdf8f9e9fafcf1f9fbf6fafcf9fafcfbfbfcfefcfbfffdfafffcfbfffcfcfefbfdfcfbfdfcfbfdfcfcfcfcfcfcfefcfcfefcfcfefdfdfffdfdfffdfdfffdfdfdfdfdfdfcfefdfcfefdfcfefdfdfdfffdfdfffdfdfffdfdfffdfdfffdfdfdfefcfffefcfdfefcfffefcfdfefcfdfefcfdfffcfdfffcfdfffcfdfffcfdfffbfcfdfbfcfefafbfcfafbfefafbfbf9fafdf9f8fbfaf8fbfaf8faf9f7f9f8f6f8f7f5f7f6f4f5f4f2f4f3f1f4f3f1f1f0eef0efedefeeecedeceaeae9e7e8e7e5e7e6e4e6e5e3e3e2e0e2e1dfe0dedfdedcdddcdadbdad8d9d8d6d7d7d5d6d4d2d3d3d2d0d2d1cfd2cecdd0cccbcfcbcacdc9c8cdc9c65e3c205d3b1f5d3c1d5e3d1e5f3e1f6140216342216443226746256847266948256a49266b4a276c4c266d4c296e4d2a77563578573671532d7458307458317155307759377755326f4c24815b2c8f6630956b317f551b8a5f2a90653892683e916c3f866635846b359a8953a09665a5a279fbfbe3f8fceef7fdf9f6fcfcf3f9f7f7fbfaf8f8f6f8f6f7fffdfffaf5fbfffffdf7f9f4f7f8f3fdfef9fffefcfdf9fafbf7f8fffcfefffbfdfffdfffffdfefffefdfcfbf9fefefcf8f8f6fffffdfffdfef2f0f1fffefffffefffdfbfcfffffdfdfbfcfffffdfaf8f9fffffdfffffdfdfcfafffffdfffffdf9f8f6fbfaf8fdfbfcfffffffcfafbfefefefffdfef9f9f9fffefffcfcfcfdfdfdfcfcfcfbfbfbf9f9f9f7f7f7f5f5f5f4f4f4f3f3f1f0f0eef0f0eeeeeeeeecececeaeaeae7e7e7e6e6e6e5e5e5dddddde0e0e0dbdbddd9d9dbe0e0e2dbdbddd2d2d4d5d5d7d2d0d3dcd8d9e0dcddcfc9c9d9d3d3d0cbc8c8c0bec7bfbc5e3f226041226445266948276a492a694827694626674522704e2b704e2b724e2c734f2b75512d78522d79532f79532f795233704c2c6a482363431c6747206747216a4626835c3b885c378f633690612b96682d9164299a6f3893673a8a5f349a70408b632f94753c917b41a1945f928b5fb3b296e4e8daabb1ad858e8d818a877f8581ddded9fffffdc7c3c485818283847f94958f93948e84837e908c8996909091888b988f928e8588948e90958f8f9b9796a3a2a09b9a9692938e82837e8382808c8b8982817f88878591908ec1c0befcfbf9e0dfdd86858391908e88878592918f8b8a8891908e878684f3f2f0fefefefbfbfbfafafaf9f9f9fefefefdfdfdfcfcfcf8f8f8fefefefdfdfdfcfcfcfafafaf9f9f9f7f7f7f6f6f6f5f5f5f1f3f2f0f2f1eeeff1ecedefeaecebe8eae9e6e8e7e5e7e6eaecebe1e3e2d9dbdadadcdbdfe1e0d9dbdad2d4d3d5d5d5d6d4d5d9d7d8d3cfd0d5cfcfd3cecbd7cfccd5cdcac7c0ba5837185736155635145634115734145a38155f3b19613d19633f1b633f1b66401c68421d69431e6b441d6c44206c4420764b2b6e4525744e2a6b472374502c734f2d653e1d88603d85573390613590602f8f602a8759258d622f8c60338d60368d5e308d6130916c3792744088724181744a625b3f9b9a8855564ebdc2beb3b8b4a0a5a1a9aba6fdfef97b7a78cdcccab2b1acbdbdb586867ebbb8b3c5c1be6b6663cac1c27e7576b9b3b5c3bdbf837d7fb9b5b43b3a38c1c0be7d7e79c4c5c0bdbcba949391b1b0aec0bfbdb8b7b5868583f5f4f2a9a8a6b1b0aeaeadabc2c1bf696866cfcecab2b1adaeada95c5b59fffffffcfcfcfffffffbfbfbfffffffefefefdfdfdfcfcfcfafafaf9f9f9f8f8f8f7f7f7f6f6f6f5f5f5f4f4f4f3f3f3f3f2f7f2f1f6f0eff4eeedf2ececeeeaeaeae8e8e8e7e7e5ebece7e2e3dee0e1dbe2e3dbdfe0d8dbdcd4d9dbd0d7d8d0d7d8d3d6d6d4cccbc9d5d4d0d1cdcad8d3cfd2cdc7d2cec56340206441216643236745226946266947246a46246a462267431f6a441f6a44206c46216e46226f48217048247248227347246c401d70482468421d734d2979532f6a421e835933895c328e5f3193633291622e8a5c2a8e62318d6235855a2d9464368c5c2c9167358e6a38886d3e806d43786b4b89836b6a6756bcbcb06d7067aeb1aa80837aedf0e7d1d4cb585951c1c1b9201d169a9790a6a39caea9a58f8a87bfb6b7837a7baea8aab1abad777374c1bfc0403f3dadadab6f716e666762acaba9010000b8b7b59594927c7b797e7d7bfdfcfae7e6e4474644b7b6b46867657978749695911b1a16bbbab671706cfdfcfafafafafbfbfbf8f8f8fefefef9f9f9fcfcfcf9f9f9fbfbfbfbfbfbfbfbfbfafafaf9f9f9f9f9f9f8f8f8f8f8f8f4f4f6f3f3f5f1f1f3efeff1edededebebebe9e9e7e8e9e4e4e5e0e0e1dbe7e8e2e9eae2e0e1d9ddded6dfe0d8d8d9d1d2d4cfd2d4d1d0d2cfd1d2cdd1d0cbd4d1ccc7c2bcd8d4cb633e21643f226641246844246944276a46266c45266b44236c45246e46236f4626704825734826744926754a28754b257a4f24794e21764c22734c237d573089633c865f34835a2c8c62308a5c2a91632f8e602c875c299066349a7541936b389b6b3a8d5b28916534916b3a907041836b3d8c7b509285625b5638bebca5b9baa8a4a899787c6dc5ccbaeef8e078806bb6b7a9625e5598948b9f9a94b2ada975706dbbb5b5746e6eb4aeb0aba5a7726e6fbebcbd3e3c3dbdbdbb898b886d6d6baaa8a9504c4db4b0b1908c8d706c6d848081fffefdfffcfb9a9693b1adaa8a868375716ea39f9c23201bb5b2ad7b7a76fcfbf9faf9f7f2f1eff6f5f3fefdfbf8f7f5fdfcfaf2f1effaf9f7faf9f7faf9f7faf9f7faf9f7faf9f7faf9f7faf9f7f8f7f3f7f6f1f5f4f0f3f2eef1f0ecefeeeaedece8ecebe7efeeece2e1dfe3e2e0e9e7e8e2e0e1dddbdcdddbdcd7d7d7d0d4d3d0d5d1d3d5d2cfd0cbd0cfcad0cdc8d0cbc5b4afa9623d20613d1d5f3a1d5f3b1b603c1c633f1f6841226a43226b42226b43206c44216d4522704523714623724725734921714717764c1c683e14664019704a257c59318b66397b57258f67338f6632956b398b6131865d2f876132906f3c8b6733906532986a399a6f429670438a693c896e41806b3c8b7d50554d26c9c6a57b7b63b1b4a1666b578a947c889577697257bfc0b0545045938f86837f76bbb6b0716c68bbb6b3807a7ab9b3b5b6b2b37876779c9a9bbcbcbcb4b4b46c6e6b6a6a68b5b3b4393536afabacbcb8b9bdb9ba7f7b7cfefaf9fdf9f8938f8cbfbbb87a76734c4944bdbab5b5b2adb0ada8696661fffffbfffefcf6f5f3fcfbf9fffffdfefdfbfffffdf8f7f5faf9f7faf9f7faf9f7fbfaf8fbfaf8fcfbf9fcfbf9fcfbf9f5f4f0f4f3eef2f1edf0efebeeede9ecebe7eae9e7e9e8e6f8f6f7e4e2e3dcdadbe2e0e3e2e0e3dad8dbd6d4d9d5d5d7d3d7d6d2d7d3cdcfccd2d3cecccbc6d0cdc6ddd8d2756e665d3a1a5f3d1a64402066422068442267432167401f66401c724a27724a26734b27744c28774c29794f29794e2b7a5028643c0b7751206f492274522f7c59397b5b3586673b7d5d2c8662308d69378c673b815c32926f47906f468c70418b6c3d845f328e673c936d46886640896942826a3e846f408476476b5f3546401e37331a3132205f645069735b808e6d727d5f797866c0baae847d73958e869b948eaea6a3a29d9aa6a0a09b9798a4a0a1a8a6a7a6a4a59595958e8e8efbfbfba7a7a7a09ea1e5e0e4a09c9d9894959b9798cdc9cafffefdfffcfbe4e0dd9a9693cfccc7e8e5e09e9b969f9c95a09d96fdfaf5fffefbfffbfafdf9f8fffcfbfefaf9fffefdfdf9f8fefaf9fefaf9fffbfafffbfafffcfbfffdfcfffefdfffefdfffefffcf7fbfbf6fcf9f4f8f7f2f6f5f0f4f3eef2f1edeef0eceddcd8d9e4e0e1e5e1e2e2dedde2dedddfdbdadbd7d6d7d6d4d6d8d5d6d8d3cccdc8d6d5d0d0cdc6d6d2c9c7beb74c433a55331055330e55331055330e5735105836105b37135d3a14613b16623c15633d16643f15663f1867401768411a6942195e390d64431a401f00311100391a0542270c694f2a896d457c5f358b6b4473523143240746280c391e01432b0960482241250043250336170062442a472c0f3c25033421002a1b00574a2782795c494431302e21282a1d373e2e4e5b414952375b5a48544e424f483e7a736b89827c8f8882928d8a888380b2aead8b87889a9899908e8f908e8f8f8f8f8484849290918d888c938f90a4a0a19793949894959793928c88878884838d89868884818d8a85b6b3ae8c898295928b8e8b848d8a8595918e8884838b87868b87868a86859d99988581808b87868581808682818783828884838985848a86858b87868b8788817c80807b817f7a7e7d787c7a7579787475777374767273ada9a8dfdbdaf5f1eee5e1dedfdbd8e6e2dfe3dfdcdddad5d6d6ced9d9d1d3d0c7d8d4c9dad3c9dfd7cc9e9488473b2f63431d6a4a236c4c2663431c6b4b2466461d6c4a2475542b6d4a22704d23714e24714f22815c327b562a7c572d8360386f4e2b76583e7c5f4fc5aa9fac938cbca4981b0500624d327e664a735940482d1cc5ab9ebca49abfac9e6352404d3c28bfad99b39e8dbaa497382217736051baa894ae9e84ccbea30b0000766d5e625954b8b2b2aeacadb1b3ae000300818574aca89cb6aea3b1aaa0a49d95a19c96a7a29ca29d9a85807d030000a39f9ea5a1a09d9c9a9c9b999c9b99a2a19fa5a4a2a8a4a55650524d4749b0aaaa918b8baca6a6a9a3a3a49f9cb0aba8a8a3a0b4afab0904007a7571aba6a2a8a39da39e9aa7a3a0ada9a8a5a1a0a4a09f979392030000a8a4a3afabaaa8a4a3ada9a88a8685a39f9ea7a3a2a29e9d5e5a5934302fafaaa7aaa5a2aca7a4a5a09dada8a5a9a4a0999490b3aeaa605b57f7f2eeebe6e2e4dfdbe4dfdbdcd7d3dcd7d3d9d4ced9d5c9dddacbd5cfbfd0c9b7dad1c0cec3b16d604d5445326447256144226447256d502e674a2863472267492571532f6e4d2a6a4a2473532d74542d6c4a2477552f805e386e502e7c6048523b2b88716ba69190b6a2a382706c0e000016040068554637241649322ca28d8ab19f9fb0a19e2a201773695fb1a79eaa9f99beb0ad1103007c6f69b9aba2a89b8b8a7d6c1509003b302a655a5e8e878fb0abb2a2a2a40001008b8d82aba79ca69f95a8a199aba79eb5b0aab6b1adb4afac87827f030000b5b1b0a6a2a1a9a5a4a4a09fa7a3a0b5b1aeb4b0adada7a75b5555373131b2acac928c8ca8a2a2a29d9aa19c99a7a29fa49f9cb1aca826211d716c68aea9a59d98948c8783a7a3a09a96958a8685aeaaa9a7a3a2030000858180a29e9da9a5a4989493bcb8b79a9695a4a09fbab6b5817d7c070302aea8a8beb8b89893909a9592a6a19da8a39f7e7973b4b0a75b574ce8e4d8e0ddceeeebdaf1eedde3e0cddcd9c6dcd9c6e3decad2ccb6e4dcc5dad2bbdbcfb7b3a58b47371d54442a533a246a513b6a513b543c246a50396d533c684e3761472e75594163482d795b416f513775573d694b317c5e446b4f397b665549372daf9d99ad9f9fa89c9eb2a6a68277730c02000f0100a2938cb7a5a3a191919f9395b2a8a9040000938f8caeaaa7938f8c7670700a05029f9794afa69fa59b92ada39ab2a7a1070000928890a197a0938c948580860b0a089a9792a39f96aba49c827b730b06000400000906010300000501000a0603ada9a6a7a29fa09b9877726f0400000803000f0a060a05020400004c4744bdb8b58c8784b0aba8504b48484340a9a4a1a09b98aaa5a246413e595451a9a4a17a757205000097928f746f6c0400009d9895b0aba804000075706da5a09da6a19eb8b3b004000006010009040104000015100d04000003000509030d464148afaab0afabac9995925552490c0a00050400a8a88cb7b898a8aa859c9e76b0b386c5c899c6c79daba784a39c7f9e95769d927486795957482754442250401e533d32654f42553f346d574a644e4169514551392d6c55476c5245715748694f406d514374584a6f5443664a3c725b4d69574b5f524abaafaba59b99a49b9cb2acac3c37340a02000800009c918da99e9a7f7472857c7d7e7878070304a0a0a0a0a0a0a4a4a2807f7d010000aeaba49f9a94a59e98a69d98998f8e0d0304a1989daba1a9a39da1918b8d080300918c888a857faaa59f837e780502000a07020f0c07030000050100050100b2aeaba8a3a0a79f9c746c690900000c03000c0500070000070200211c188d888476716d9a959257524f302b28a9a4a1a09b98a8a3a05f5a57484340a29d9aaba6a39e9996060100211c19a5a09d9a9592aea9a6433e3b585350aca7a4a39e9ba5a09d322d2a050000120d0a05000004000009030509030d0300090a040eb4afb5949091a9a6a1716f630302005e5e466f7050595b345c5f325458263b3f0c40450d585a286c66423e35164a3f214d42224f42203d2e0d4636144c3c1863514f4e3c386553515a48445846424734306a57536d5a545b4641715d566450495f48426e5751705951634c466e5a535042398a8077a49b92a5a198a8a5a0a7a49fa09c99aea9a5a7a09aa09790a49b92a69d94b1aaa26b6863232220a4a4a4a3a3a1a6a7a25c5c543030249e9c90b0aca1a19c96b0a8a5b3aaabaaa1a29e9596a19997b3aba87d7670080100b2aea59f9a94aea9a5a8a39fa19e99aba7a48f8e8aa8a7a374736f0b0704a9a5a2a9a4a0aaa29f756c670f04000a00000800000e0700090200241d17b3aca6ada6a0aca4a1a69e9bada5a2b1a9a79c9492150c0d0600003a3132b0a7a8a79e9f7c73740702001d18154a4542b1aca9ada8a5635e5b2a2522afaaa7aba6a3a9a4a1a9a4a1a39e9ba7a29f9e9996b0aba86963630a0509030104040203888785acaba698988e9a9b8d20210f3d3f292a2d10323615363a15474c233f45193b411335370f3e391b48412552482d40351955472a4e3f224a3b1c493a1b4d3f3e5c4e4d584a496759584537366c5e5b63545153443f66545063514d6e5c585f4e4773605a66534d715e586b5a533f322cb0a7a0a7a096a7a599a1a199a09f9aafabaaa7a1a1b0a8a6afa8a2aaa297a8a093afa89e3c39324c4b49afafafa7a5a6a9a8a3403d345b594cadab9ca39f94a8a39f302a2a534a4fb5acafa59d9bb1aaa4aca59d6f685e29221aada69eaba6a2aca9a4adaaa5b6b5b1b2b1ada09f9bbab9b56e6d691b17149b9692aba3a0aea5a0796e680a00000a00000f0200150c03080100201911ada69ea69f99a59e98a9a19eb8b0ada19997aea6a4a59c9d716869060000b0a7a8afa6a9948b8e868080aba6a3706b68a09b98aca7a47974710e0906afaaa7a29d9aa39e9b989390b8b3b0a7a29f999491b3aeab918c8903000007050601000071706caaaaa2a3a399a7a79b3f40304445332d2f1934371c2326093235163e42213e42212a2b0c2a250f332b18221a073b301c54483240341c50412a4c3d265d544b574e45463c33594f4652483f5e544b584b43665950695c535c504463554a6b5d5265544a62524568584b64564d534844b2aaa79f9b92afada151514971706ca7a2a6ada7ab3a31348c8280a69c93a9a194aea79d050000807b7f9f9da29e979eaca3a40600007b7569a6a094ada69eb9b0b1070005817780a69ca4a89fa0a19a94b1a89f5a5148413833aea6a3a7a29e9e9a9766625f25242229282635353332312f0a09052c2825ada8a4a29a97a89f9a6f645e53463e675950675a516e655c625b510d0600ada69cafa8a0a7a09a88807d120a07ada5a3a9a19fa2999a877e7f060000a9a0a3a59ca1b1a8aba9a0a1b6aeaca49c9ab1a9a7aea6a4877f7d060000a69e9caaa2a0a59d9ba59d9b48403e453d3b2d2523463e3c36312e0300000301020807052b2a26acaba7a3a29da4a49c69695f28281c2f30223031212a2b192c2d1b3335203335202f2e1c2b241a211811332a212a201622180e3e322630221736281b46413b4f4b425b5549645e52504941554e485750485b5348575040554d3a5b503e5649365546315445305a49374f3e3489797a8e8286aba6a29f9f95010200898884a7a2a8958b940d0208a99f9eada59aaaa4969d998e0906019a959ba39ea5b0a6ae9e9397070000887f78aba5998a837b8c83880500082e272f645e60aba6a2908981ada69e3831295c5251a79e9fa9a3a3a6a2a14b45470500010b07060602010300000400003f3b38b0aba8a8a09eaba19f615652271c184d423c5e534f4f48424f48420d0600a9a49e918a849e99936b6360040000a39b99aaa5a2a9a0a19b9293070000988f90aea5a6a89fa09f9a972e2926908b88b3aeaba8a09ea29a98140a0b857b7ab6acadb3a9a8a79f9d080000060100100c090501001918140b0b0b0101010101010404027272709697928d8e897e7f7915160e3c3c322f2f233536283233253a3b2d3334262f30222a27202e29231c150d241d152a211841382f3a30273a30262f2a313531323c3a2d1b190c4a4849302e332e2c2f37342f6c6a55413c1f352c0f403215503f21503d1f533b232e130abea4af7d68778d84855f5e590304006b6a667b717942353f281920b4a9a7a49e8ea8a793707064010000aca7aea7a0a8b3a8ae8c80840c0107a3999aa19a90afaba299929a07010b030000726f66b6b4a7858175b2ada71d18155f565ba19aa19a9599a59fa18e83897d70777b6f7380767555504c3e3b36454140ada7a9a89da1aea3a792878b776e71757074716f747770775c565a080204ada9a8948e8eaaa6a38b86830300008e88889f9b9aaba5a59b95950500008d8884a9a19ea19c98a5a4a00708036f6e6c888483958c8d93898a100408746568b0a1a6b5a9abb2a8a93f3939030200070904000500252c25070b0c0001040000040203057c7e7da8aaa7a3a5a0abaea71f221934362b3234272022142a2c1e1d200f36392831342326271928291b2a281b2b291c3a362a423e324741353d352859565d3937383a3b2d2a2b1d37353a23202b534d57353130443f2c3c35184b40224e3f204936164f3a1d523821674c41b69fa582727c99959641433e050d020205001c171d231721665962aca2a19e9c8da3a69351544d434343b3aeb28f898da79ca06c61671d111bb6adb2a5a198a8a59e7c768003000907060488887ea7a89a918f83a8a4a10d090a7c777daba6ac8d8b8cb6b2b3a99ea2b4a5aa8e7f828e8284b7afad4945443d393aaca6a8a3989cb9aeb2b1a8a9a9a5a6a9a8ad97989daea9af827b82080307999498959192aca8a78b87860703029f9b9aada9a8a4a09fa5a19e100b077f7a74aca89fa7a29cb4b3ae0c0b07676362aea8a8a39a9fb6abb14f424b4d3d47b1a4ab9f949aa49ea0676662000200000700253022252f241117150f13160001020001025254539ca19d9fa19ca1a49d595c532a2d222b2d202d2f213639282a2d1c3235222d301f1f22111a1d0c18190b1d1e0e2f2d204240313d392d34312241423c2121172a2b1b28261a342e322b202e584c5a3c30344b3f315a4e3635250c4a391f4c3a224e39244e39287c6a5ca59b929b9b938e9490000b04000d000009000001002d2b30716a72a7a1a3a0a096979a8f0d0e1061626697969275706ca1989b3f353d443b40989292797470979390555057010007010002868684979893747371918f9209070a7c7a7b8585837d807994958d9f9a96a49a99756b6ca1969a918b8f39373c3634399e9a9b7d75722c231c90897f9491889a9b966c6e6b9793906f6a67030000706c6b9c98999d999a8b87880905067a76778682819a9695918d8a0300005d5a5397948b7a766d98918b3228263a302f9d92969e939b9b8f9b5f54620e0311a39ba6959299939393696c651c24152a36222e3c2228341e23291f0001001416130103001a1b168f928b8f908aa4a79e6e7166181c0e2a2e1f292d1e262a192b2f1e2b2f1e2e3221262a1b212516222417222416242418403e3134322638362926261c4545392e2c1d1f190d3d33322b1c1f3222253f2e27574730392a094b3b1a4433154a38224c3b29564535100300171200191c0b151f1615221b142419000a000308020c0b0708020220181618150e22211d1a191e03010425221d25201c1e1518211b1f0904011d18121d1a131915121e1c1f0301060402030606041717171313151f1e23080808090a042b2e2323291b1d21131f1c13231c16251d1b1f191b1b191e16151a08070c201e1f28201d31281f241c111e1a0e191b0e1d1f142a271e17130a0b08031c18151b1716231f201d181c060105231e22282327141011130f0e03000023201b25221d29241e231a1508000021171820171a190f17211a220300071c19221a1b201b1f201a1f1900030027301d323c23303b1d3842272a2e2008090102030020211924251d1e1f1717190e191b100003002a2e1f2a2e1f1f2314292d1c2024132b2f1e1d21122a2e20272b1d2b2d20282a1d212316424236333327404034423f385a564d484236564c40685a4d6a59476e5c466754336f5d2d6859228979457466396f60435f503b574b356d624c4640261d1b042b2d20323730151c140004000906005953476158473327172c211d33292a3129271b13110e03073a2f332c2326302b28120e030d0b00262417201d1427232011100c15150b35352d20201e2c2c2c2122241c1e19000300252a142025112225142e2a1f2821193a322f2e2a29242625101413060a09212121241e1e3228272a211c282117211f102223133733271b170c070200292420211d1c2e292d1813190c070e322d342b262d2422271513160a080922211f3d3c3a322e2d0d040511080b352f31221e1f2828281e201f0a0e0d242a28262d26242e23131b0c232a183237212c3218404429464a313437260a0e000003001c20112b2f202b2f202f3324010500272b1c2529181e22111b1f0e272b1a2226151d21101c20112024161a1d121c1f141e21161e211644463b34362b3e4035473f324e47375c53425b4f376658357a6c3f6f5e2a7b682d928139b0a257766a2294884c655730665b3b5e55345c542d948d592c26001614001b1a0022210f242112080000766a5070643e7e704d1d0e002c1f0c170e001c12000a00001f140e2b25192421102d2b120504000807002b2a0e211f081a18010708003d3e1f161802212212202214212411050b00111700292a0b211d001b16001b1700241f012b2b111d2110161e11000700292e27221f1827201631271b27200d2c280f1f1e021c1a050401001310003532212f2d1e2a281b0a070017140d1e1a17211d1c2925240100000d0c0833322d202018262520060000302a2a2625232a2b26282b2400030020281b202b1b202b1a15210d16220a39432a252b1133371c363a1f282c133038210c15001a230e1a230e1c25101a220d0810002e3621121a052a2e1d1d2110181c0b2327162125142125141d21121e22141d21132024161e22141c201235392b2c302234382a5c5135554a2c4f4222574a1e9186465c51024c4000c2b75db8ae4f887e1f73691070671c473c06887d4f625b27504807958c2fc1b9547d772169621e61582f32270741330e6a5c2d8375389d8f4e54480c584f0ea19b4d7b772e3c3606201b0039350f56542b16150082824c8180482d2c008684514c4b13525311373a003337004e501e1e200061673b444c1163692d454112483e0b524a01746f1b676613292c001b24002732144f5b47373e2c49492f211e0058532d2924005653284f4d247575515456313638102f32073a3b111f20002727013232104240273b3a2532311f52513f4a4b3926281341452c1416012d2a211e1b161b1b111e20131d211028301b1d270f222f131c290b2b381a5b684a455030394426343d203942253d472c2f3f222437191626091f2f1217270c1d2b112e3a222b371f2b351d1e26112a2f1b262b172326132d301d1e21101e2110262a1b2d31222e3525252c1c1e2515232c1b232c1b262f1e6b5e2a786b374e410c524707a0994186801ea7a23e95902c9791318e882a524b00433c00393000968c4f928944403900d4cd5bc6c046a29e337a74207066314c40167e733d665b1b433700cbc0717c721d696408d8d672d2d2784e4c0f5957266c6a378180485656184c4b0a98954e8e8c425f5b11514e004e4d00a2a345696d0f777b274a4c0d686c3182883e626419473e00776b1febe376e6e163b6b537d4d86a51590c303904454d243a41186c6e3d94935da2a06786844b4c4b154b4d1b575a2d5f6233727741818749a5aa689499566368285a5d243534063939138180625b5b3f7272567f8362595d3850543352503b36332245422f54533e1d1d053c3f2433381a36401e35401e49573441512d3949253546222f431e273b18334925132d0818340e223c191f37151e361432472837472a3c4b2e2e3b213b452c282d1721240f292c172f301e2829172627152a2d1a2d321e2a321d232b16232c17202c16222e18192710a394415a4b00908334716710afac457e7d118484227b7a208481341d19004842006e661e605611a69a527469106860009a9827d6d968c7c9665a5b0d494613221e006564218482375e570f585101bab6538c8b214142007d8033292b0034370a73733d474709908c4c615c18413a006b64143d36008b8523bcb7519b9729bbbb418787174744004f4b0b4041008987346f6412afa23cb5ac21e8df42f5f054cbca3eaeb0453f43004b4e073b3e0065621b86843a94914cc5c4837a7f3f72773f4d53237c83507b8143848c43b2ba65a4ad54abb05c393d002b2b0037370535330c3e3e1c56563444461f64673a6f704499936fa39a797f76559c9676756f4f433e203e3a1d4748294047263c47252a3b172d431d254118193d0f163c0d113809173c110f340920431b12320b1a3610041e00172c0b1021012a391c283217383d264448313a3c263938242c291636352130321c242912252d151c240c2b351c1f2c121c2a1029391e756506847518a4993fc8c262a7a63c8e912a61640b3537001f1e0054511a645e225f5814473b005f53009a8d278b8419414600757f1f4f56085257173031051113003d4000464800737029434100636000a4a5304a4c00a4a94d838845161b0048490f6664276b672769621e5b510c847929887f1a84790d9a8f25f1e873ccc93cb8b5306a63084038007c76287e7824564d00bcb040c4ba27877b00d0c51ef6ed50c3bf3996941db6b4474e4c00716c0e5d57037b772e8080406b71355b642f41481c5c623440480ca3ab60b2ba64afb659abb0568f90405857167f7e4838340e59563545422131310b5152263f3e10736c40665d32463d144d441d443a16483e1b403718342f11393a1a353f1c30401c1f3810214217183f100d3908043201123c0e052c000e330812350b0c2a041e3a14142c082034111c2b0a1a250721270b171a0024240c29271039341e2c2a1335381d383c212e34182b34172631132332131a2b0b1528086f5f0a7869143f3500918b35a8a94c888c35363c00555a24222200100e004a4714423a008378264a3e00877a0a8780163f4b00132600273303373f1a0b11002d340b49501a50551362621a4d4900666200aca82dd4d44e7b7e00bbc451777e213638003534004f4b0c5a52116257196a5c11958820786b003d2b00e3d461e9e24bbeb824473e00564b00574e009d9544655e06686100b4aa27d1c32f918100dacc2dfff758d3ca2da9a307cdc638b8af3a6e63094d4506302e00343b0f434e26555c3b353b173037044e54146e7527616612b2b3639f9c55979258857e50382f105e573d5c553b4540234a46233e3a14443f15565225524b1f544b22463d144438124c431c322a05312f092c300b313d171b30091d391114370d0b34080f380c093004173c111a3d130c2c0326421a122c051a300a1c2d09202e0b222b0c252a0c1619002625093a361b453f25524e336262463f44262027082d36172732121928071a2e0b2137137667248275315a520a2e2a003b3c00444a022d3200252800131400312e0b5d5a234f49009c94326d61008d7e0b9d9830364400293e060917005d6745131a002c3202626933404503737222544e006e61006b6000f6f05cdedd45a9ac2b666b053134002e2f003f3e004f4a06615616211100ddcf66b3a2302c1600e1cd5accc129898000d1c8496a5f00554a005e5605696413767115827703bfb12acaba27a69600ded32cc5be0ef7f03df4ed45ccc038897c16473c00544d213f411a3f46243c4324343b19333b0c3d420a232800414200817e397e783a4c4511544820504527473b234b4128544a3157503354502d45431d312f082e2b022520003a3309453c113e350a332c023c391031320a333913293713172b080923000c270819371506240027451f0824001a340f1b310d20340f1b2c081624010d17001e2303474a2b6263434542232d280a8883654944267c7b5d8d9071696e4e6872501621002636121226011c320c332a0351481d4d4a15232300242600565c20484c1913160036370f4442116563182e2c00bcb73fc7bf40aca02a9b96305c681c1b2d00121b00242a00434808373a004d500b4243009792369487216752008d7700e5d440e6da48b2a8355f5b02212300272d004f5309b0ae61686113594d00877910a18f1fb6a134b29f26e3d540a39900aaa406d0c93dbab2474a42004742005e5a105e57007c7300938800b7ac16aca705939000e3e228f7f542fcf35aa498207e6e2043360148411742421c424822373f16495122474b1855551f3e3d043d38004039034c3f12574922544623524324493b1e483a1d382d0f1e18001718001c1f000e0f002424004a48213431063f3b0c3531023f3c0f3433072d2d073c401f1d23071820091b24111e2a1617250b0b1c001b2a0b1b280a1a27091722021c26040e15006468475152326665462e2b0a282504443f1f2e2a07231e003a391b303014383d1f1a21021823031322011b2f0c0a20001f1b007878562c2e00282b003035007a7f473032002729005858262a29009493367d7d05afae20afac1f9f961d736f0e2c36001a2700383c0a40400a56560c5f5e0c4a4800655f11c0b55c7f6d07c5ac36795f00c4af16b7a716ab9e2e342e005a60223a430a2e35003b3e00676210958b34ac9d3e84720c8974077f6a00d4c341fdf25cf4ee40a3a000b8af3a7f77262d2800514d10564f006a6200948b128c8803dfe152dee247a1a500adaf06d0c8359a8b16a8934266501464531d494110555b2d404c1e40471b4e50285a58315a552f3a300c3d310b4838163f2f0d41310f5949285b4a2c52432653442750462b2a281123250d1919001718003a3a1632330b3230074443173d3c1038360f282502403c1f222009272411211e0f1917081618031e220911130022240c3e40285252385e5e428e8d6f585738676745302d0c2a27041e1a003b3712332f0a2f2c09282407181800191c012b32131d280a1c2b0a0619000f25011920012c340d1e2600242c001d220084874e26260057561da4a3635e5c09626200d6d94eabad0c9a9b019c961c5f5a002a2f001a2100514f1f8e8751aba25d524a00332d00473d0081702bc5b053cdb829dec824a89500c6b6239f9420403e00313a011c2900616b2f3238004140007f7726806e26857021553f00756000836d088e7f02f7f540eceb39cdc44f62590e1f18003f37066961189d973f5a57003b3d00636a02bbc6508e9a145b5f00bab13abda946876b21795a1772560d69581351541d414d1f494f2b323518322d193027163a2d1d372616412f19422e154936183e2b0d412d1259482e604e38544532463e2b45402c2e2913211f0629280c191a00212202323313373818363717262507302c111d17001e1802191100281f0e180f00140c0079705f5149363e36213e361f2d260c625d405550323f3a1a322e0b302c072523003b391237350e2b2903211d022a280f26260e131700101a0019280916290b102504141e002c370d2a3200858d544b4c132222006a67203f39004e48008985249f9c27b6b72fd6da3fd5d947b2af445c5a0d303500464c1c3533034a4410746a2c80783070661e80732d291500725c06c9b427fae83ed3c21abdb014d1c84755520022290027330b36400c4c52143e3f00655f137264272a1900d3c46596872274620c302300caca2aeef351b9b74a332f005856232b290052501361611b3d3e006f752b202b006a78207f8b279fa63f635e026a5b0a8a712f7d5f21866a215c490544420f3c431a2d301125250d2e281a261c1235241c422e23422c1e47311c3d270f4833183824094b371f4e372545301f4c3c2c483d2b534b384f473247412b312d14120e001917001c1a011d1d03181600191700151200161100211b0b5a5245746a5eaca0924a3e30483d2b2b200c291f06483e235c53342a2402312b07312d08322e0923210032320e2c2c081d1d001f22052b2f141e240a1b24071c290d17270a0c1f0102170018210031380c242700444114595120584e098e8422beb4435c500091861c7f760f6965008e9013b1b544373a001c21002b3705414f1e343c0b2d3000605e233c3700a298535445003a2700614c00a08d17eede4adfd42acac217b5ab16a7a4331c1f00313914363c0e24270080813f585510858040120b00a5a042d4d06cbdb95e141300606700939b2b6f76166871224e591f222c00343d062f3700565e236b7337222c003c47039aa65e4b550e171a0049470a4b410c493b0a4b39075e5023473f1a3c37193d391c2c2b0f2f291332271342311f3d2616452c18472e18442e16402c11422d124931194d311b4a2f1a503b285746325a49355c4c354c3c2553432c4637203428121e160115100016130228291b33362b676c65939a93a6ada6a5a69e9b998d2d2a1b292712443e241f1a004038143b330c3a33093631072f2c032826002020001f200125250b21250a162305172806182909162a07122505091e00152a090e26044c531f5a5d2e6d69444239123023004e3f00605400b6aa22b9ac2ca1951f726600a7a1416161004f5300303500121800041100465325293100363a0745420d3f36008d84396a5a0c634f064f3a003e2c00ccbe41f0e847e9e53cc2ba2b9a962b121600292f09292f03212500999d629a9c5b4b4a093333002123006e721ba0a352a3aa5c262e003f4a003844002c3b001627001e2e012a3709576031515928676f3c303904131c00283100242d002b32002b2e003130044f47204d401d4a3b1a53452a443a1f433e2139351836301630260d3b291338220d432a163e250f3d2911433218463219442c144829144e2f1a472e1a402b164a35205d47305640294f392248331e44321c443522473e2d35322349493d8a8f88939c97828e8c919c98979c958c8e832d2e1e31301b403f231f1c0038330d413c12322e012b27002f2c03272703222304161800151803171f07132606142c080f2703122a060f27030a22001129070d2503373800464413716849463813453600bfb14ec9bd37a39703aa9d11ada01e837908a09a3a5f5b111a19002d2e0c1518001c20003b3d15333504211d002f2700463a008d812b9e8f30645200594400291600a29431ded749f7f262e5dd70807b2a0911005d693b111a00171f00262d005d6327555813a7aa651617001e22005c6023586024313a032c3604222e00202c04142300101e0036421c3139123d441b2a2f06242a001e260031390a2a3105262c002e2f0745411c5045254d3e1f4a3b1e55472d463c23464227454126403a20342a1138271337220f37200e3b25103b29133d2d14402e16432f17472c17462a154b321e3b25103c26113f2610412812422c14523c2556412c4b3a264a3d2c4b4434403c3053544c666b648288848a918a9fa2997d7f722122122b2a163c3a212d2a0b2e2b0836320c2a26002d2b043434101a1e00191d02151a03131b060d1901132608142c0a0b23010f27051129070c24020f27050b23012322003b3600291c00322300453500918316c8bc32c4b824bbaf1fa59b17796f00736c1447420b211e001a1a020f11001918001e1c003734013b3400463a0a3e2f009c9138c3b753c1b257897828291b005d5200908d1caaa837948f3e0c0c003d47133744160d1900283404202800242d005d64206d7431282c002023003c4310565e2d2932071620001c2709000c001a290a1220001e2a064149242e340e363b13171c002e34082d3307363c104b4d2533310a403a166053334433175241274e4026453b224943294b472c453f253d361c402f1b3a281435200d3b261339281435260f372813402e1a462c1b43281549301c3f2610432a143921093e260e4028105038204b351e513f2951402c50453348413146423637372d43463d5c5f5677796e5c5d4f1819091a19051b19021f1e022421023a37163333112a2b09272a0b1b21051c240c0511000e1a0619281113270b1129070c2402082000162e0c0a22001028060820008f8a385c540c281a003523003d2c00ab9a2ed2c3427e71009589018f8509867d144d450019140025220f131500151800131000aeaa7d6560263732004f45083b3000433800837a1fa79e41c6bf678c863c57550b353600424600464a0f1c23002330021c2d011221001e2d023641165f6c375b65266670331e26001e25001a23004450202734091e2c0814210319280b152403111f001b2703323a1531380f1d22005154273c3f121518004346174f50243d3a0f463e17524421523f1f5340224b3b21493f244b452b4b472c433d23453e2446361f3c2a14422d1a38261233240f3327113427143625133e2918492f1e442b173f240f4b301b4a30194c321b432910482e153f270f412b1356442e4f3e2a463928473e2f423c2e282418232114312f222b291a100f0016130014120025200a1d1b022a290d23230730331822260d0e1600121e080a19041524110e200a13270b102506102506051a001b3011071c00132809081d00787123706621695926473300463500b8a944bfb03bd0c545b1a8258e8810908a2868631f110e001a19071a1e071015001010004f4d1d807e438f8c495450098a863d413a00292500535001a3a2528f91462c3100202700242d001c27001622001e2e091e2f0b1424001424004451261f2d004f5a223641091c2500262f022935052b3707323f131524002c3a1620300c041400212f0b152100343c13293006151b004d5021474b19333705353705424111363404564d2254471d4f3b165945244e3d214f41274a43274944273d381b483e2348381f402b164a352042301c362a143025113023103425123e281a462c1d4429164429144b311a472b15462a12492d154f331b432910432b1337210937220d44331f2e210e362b193e3524453e2e423c2c443e2e3934212a2512110a00151000120d001816011a19041d210a0c1100131c071724100817020516030c1f0911250a0e2304112509061b00172b0f04180013270b081c004439033326004535044d3c083d2b00968535a2952fc5bc47d1cb4fc3c04d5a59004445032224004b51352530100e1a00101700131a004d521c3f4306444800969a4d2425002626004346115d63275e6a2223320036451a1b2a091829051c300d08180015250b1b2a0b0313001f2b034350252e360d293203273200323d03424c1724300016220042501f313f0c2d3d0e1f300622310a1320001f28003a4014282b00393d0b4c511b2e310041440f323200353200574c1e504215644e254d3712503b1e4b3a2044391d463f223a3316473c204c3b214d37204e38214c3a2440341c3227112f24103728153e281a3e2415432815472b16482c1647281340220a4c2e164e301643280d472b134e341d472f173c28103c2a144534204a3b28504330493e2a423a25463e2b473f2c3f37243a321f28210f1813001110001b1c0a080d000912000f1b071a29140719030a1d070e20061124080f21070f22060f21070719001022080b1d033f3504493d09150b003b2f003324004d3f00685d0d827c1e94912aa1a141383a002d32002b330c2a35150e1d000b1b00132000152100252e013d460f48540c4c5611282e021a1d002127053c451851601f2a3c001122000416001328090318001827121f2c180a17000210001e2a04414b263f46251820002e37003e480b333c07252d001a2400515b274a57212634001625000b1a000f1a001c2500373d112d30013438063b3f0c4b4e194b4e192e2e0043400d594e204d3f125d471e533d184e3718432f143a2c0f453c1d3d32144a3c1f533f245c472c5640284d392143351b3c3219372c163425123722113d23145035224428133f200b4b2c173d1e0940220a41230b4a2c124529114a2e16422811341c04402a13331e0932200a3e2e174f402945361f493d27483b284033203a2f1d3e35243b34241e180a19170805080009100010190625331c0817001b2d150e1d0615250b0d1d0319290f0818000c1c020f1e070f1f05423d00504b07827f2e4842002b2200302600362c00413b004e4b085a5c1d34370a151c001a25070311000010000e21050c1b001e2c08404f264e5c2b55622a4f5b29242a10171b0a0e1300242e0b36440f2637030e1d002232170c1f00091c0017250e111d070e18000f1800212b083239172d3116141a00424916555c263c42142a2f062127003a4012454d1c3d4617121e001523001b25021b2100262b034144193233072c2e00353907262800302f00656132594d234a3b125a4621644d2b4f3819503b1e4637184237174033134a3b1c4d3a1c51391d543c224a361b4232183b2f1535291132230e3b2615482e1d402512482c17472814492a154b2c174a2c1442240c46281041250d462a123a2009402810472e1839230c3a240d402c142e1d0348371d4d3b235040294d3c2a3d2d1d3b2e1e352c1d241c0f1815061f1e0c1c1f0c0e1300111b03142008000c001a281112200913210a031100101e070513000e1b070c1a033c39043c3a0076772b7d7d35857f4d2f2a04201a00201c002726003235084045250c15000a1700091900041600091b0516250e28371a26360f445328424f23313b1800030014180a20250e232a081e27003a46180a1500232e102a39122e3d16182207101800273015111800161d00282e0c3134151d2100242a004e5122484b202d3005080900303306323506272d012a3411030e00232a081a2000292d0841431b2627002b2e003c3f10212400373608615d304c431a4b3d1653411d50391950381c4833184334173126063b2e0e3d2e0d4d3a1a4d38195941254f3b2046361c3e321835291130210c37221143291a462b184a2e194e311f462a15553622482c17482c16472b154529134b311a462b164128123b220c3b250e422c17331d063f2b1035210634200737220d4735214a3927302011271a0a32291a372f2243402f403f2d292b161f220d151a03000800131c070f1803161f0c0e17041e27141019060c1502010a001a1404302c133f3e124544144b4923161300221e032120012123001a210029340c131e000d1c000b1b010416000718051a271527341a1d2c0339461a232d08252b0f111403252712282a052c2f02323604181e001519002c300f3137072e36052f3712252c0d2a3112141900191e001f2300444a1e1e2100292b0614140036370b3b3d0c5756264b4a1a2c2b003a3d1228300b010c00222907242a04383d153b3e132629001b1e006568392c3000252700555225322b01574b2350401c4f3a1b442f14432f163b2d12352c0d352a0c3d30104130124532145540254c3b1f45371c3e3419362c1331220d362312412a1a3f2413492e1b3f24134a2f1c4326144a2f1c3c210e432815452a17452c18472e1a422c17321c073a25104833202c17023620083924093f2b1239240f3624103322102b1b0c3a2d1d3c3022393021352e1e302a1a302d1a34331f2e301a2225100b0f000b1200131a0a0a1101121909070e000c13030c13030d07070f0c031f1d043334143f3e221b1b011a19051e200a060b00757d5839431e000b000512001b29120c1b060211000b1703131d04232d0a3540182a311025290e1615001111002c2d05373908343605141500120f0061613b60602e4a4e1b2d340b2b32112e33151d2204181d00111500363c0e1b1e00222303444324393a0e5757256363312b2b00312f003f40164d553047512e1c22001f23003b3d164b4e232326002e31024e5424262c004d50213e3f133532072e260052442148371945331b42311d32280f2f2a0d2a2307382f123e301547361a46351b4131173b3116383117332b142f2410372517422c1e43291a44281a4d31233e2415513728402617452b1c4029193e2717351e0e382312412c1b331e0d321f0e422f1e301e0a36220a3d29112f1d0733210d3625132f1e0e322213322417382c1e4037283c3525332c1c332d1d322f1c2f2c192f2e1c2f32212327181a1c0e0b0f001315070a0e000a0c0005090014110a0101003a392522240e363520181a051212060f1104000300666b55141a000e16000f1807141d0c121e0a1b270f121a0218210631371d282c111e2402080c001415004b4a2b38351437350e302f011110004441186361387d7b4b57582c2f35111720011e240a0f15001016001e24021b2200242a002e311238391a2f3006393b09333301252500312f005253276066422d3714191f002024003a3c15484a22393c113b3e112a3002384011565c2e4f522736340d352f0b473c1c43351a392c1b2e25162b26131e1d0826240b262207352b12382c143b2f17372d14332d15332e182f2a162a23113022173b291d40291b4d332642281b4c3527432c1e4b35273c2619442e213c291b321f11321f113f2d1f3725172e1c0e3927193625152817053524122d1e0b2d1d0d2d201026180b2a1e102a1e12180e022b211530281b31291c3b33263b3525332d1d3330212b2c1e2d2f222d2d211e201317170b090b00070700090b000c0d00141505545545141503191a082122121a1c11060700090b004f53451012040f13051d2017181b12070e00131b061f240e0f14002629162428111e21021316001b1b0144442c504e373c3b1f46441e4a48211311002e2c06383610242503161d001821062028101e260e121a02191f031920003c42203f43280e11002f300e3d3e161e1f002624002a28005e5e38474c2c070d001217002f3312363715282a0556583354593131380f272e05353c132c300b4949272b28093e34192f2410332b1e2e2a1f2c2d1f2b2e1d2d301b2b2d17322d17352d18362e19322c162f2d182e2d19272614201d0e251b11301f173d271c40281c472f233a24174b352a3a261b3d291e3a281e3e2c223c2b2135241a3b2a2038271d2c1e133322182f21142b1d102b1e0e2d2113261a0c2c221632281c23190d241c0f251d122b2316241c1120180d2d251a332b202e261b2c261a27251926261a2523172222162624181f1f1319160d1313091618031516042122121213031314041e1f111415070f0f03070700292b2024231e181713100e0f1a19171e1e141113061d20151014062328142227100e12001215021817121c1b1946454025261832341c1f22051b1d05292b1524261021261029311c2a3320111a05131c070f1803161d0b2f352745493a242912292d141a1c0748473324230e2d2b1243422638381c151803252a161316013e402a39392121210525280b4245283d4224333a1b272d1141452c45442f3a3724312819383025302b252b2c2620261c2830232029182a2e1d2a2917322f1c2f2a172b2815282b18282c1b2325171b1b0f2019112b1c1539251c452d233e261c442e233e2a21412f2536241a3b2a223a29213a2c2334261d36281f33251c2c1f1631231a2b1e152d23192c241930281d2a22172f271c312b1f251f132c261a1e170d282216261f151d160c1c130a1f160d231a11251e14231f1628251c262219211e151b170e18150c18140b1e1b1201020013140401010006060003030003030006060004040002020002010001000003010208060904020306020003020000000000030001050000030002040005060007070908070d0202040607020103000003000406000002000002000b0e030005000007000109000008000004000006000106020406010a0e00000300080a000505000909000402000301000506000103000507000c0e01010200050600050600030400080b00090c00070c00060a00040600060600060400060000040000010000000100000700000900060e03000400010300030100050300020300030700070a000407000001000400000d04000c00001401001403001100001607000f02000b00000d00000f04000e03000a01001108010d04000800001108010b02000a0300100c030601000a06000d08020400000805000c09000400000804000803000500000902000e07010d0600040000040000070400040100050200030000060300030000090600000100000100000100000100000100000100000100000100000100000000000000000000000000000000010000000000000000000000000100000100000100000000000000000002000000000000000100000100000100000100000100000100000100000100000100000100000100000100000100000000000100000100000100000000000100010000010000000100000100000100000100000100000100000100000100000100000100000100000100000100000100010000010000010000000000000000000100000100000100000100000100010000010000000100000100000100000000000000010000030000040000040000040000040000040000030000030000030000030000030000030000030000030000030000030000030000010000010000010000010000010000010000010000010000010000010000010000010000010000010000010000010000010000010000010000010000010000010000010000010000000000000000000000000000000000000000000000000000000000000000000000000000000000000000000000000000000000000000000000000000000000000000000000000000000000000000000000000000000000000000000000000000000000000000000000000000000000000000000000000000000000000000000000000000000000000000000000000000000000000000000000000000000000000000000000000000000000000000000000000000000000000000000000000000000000000000000000000000000000000000000000000000000000000000000000000000000000000000000000000000000000000000000000000000000000000000000000000000000000000000000000000000000000000000000000000000000000000000000000000000000000000000000000000000000000000000000000000000000000000000000000000000000000000000000000000000000000000000000000000000000000000000000000000000000000000000000000000000000000000000000000000000000000000000000000000000000000000000000000000000000000000000000000000000000000000000000000000000000000000000000000000000000000000000000000000000000000000000000000000000000000000000000000000000000000000000000000000000000000000000000000000000000000000000000000000000000000000000000000000000000000000000000000000000000000000000000000000000000000000000000000000000000000000000000000000000000000000000000000000000000000000000000000000000000000000000000000000000000000000000000000000000000000000000000000000000000000000000000000000000000000000000000000000000000000000000000000000000000000000000000000000000000000000000000000000000000000000000000000000000000000000000000000000000000000000000000000000000000000000000000000000000000000000000000000000000000000000000000000000000000000000000000000000000000000000000000000000000000000000000000000000000000000000000000000000000000000000000000000000000000000000000000000000000000000000000000000000000000000000000000000000000000000000000000000000000000000000000000000000000000000000000000000000000000000000000000000000000000000000000000000000000000000000000000000000000000000000000000000000000000000000000000000000000000000000000000000000000000000000000000000000000000000000000000000000000000000000000000000000000000000000000000000000000000000000000000000000000000000000000000000000000000000000000000000000000000000000000000000000000000000000000000000000000000000000000000000000000000000000000000000000000000000000000000000000000000000000000000000000000000000000000000000000000000000000000000000000000000000000000000000000000000000000000000000000000000000000000000000000000000000000000000000000000000000000000000000000000000000000000000000000000000000000000000000000000000000000000000000000000000000000000000000000000000000000000000000000000000000000000000000000000000000000000000000000000000000000000000000000000000000000000000000000000000000000000000000000000000000000000000000000000000000000000000000000000000000000000000000000000000000000000000000000000000000000000000000000000000000000000000000000000000000000000000000000000000000000000000000000000000000000000000000000000000000000000000000000000000000000000000000000000000000000000000000000000000000000000000000000000000000000000000000000000000000000000000000000000000000000000000000000000000000000000000000000000000000000000000000000000000000000000000000000000000000000000000000000000000000000000000000000000000000000000000000000000000000000000000000000000000000000000000000000000000000000000000000000000000000000000000000000000000000000000000000000000000000000000000000000000000000000000000000000000000000000000000000000000000000000000000000000000000000000000000000000000000000000000000000000000000000000000000000000000000000000000000000000000000000000000000000000000000000000000000000000000000000000000000000000000000000000000000000000000000000000000000000000000000000000000000000000000000000000000000000000000000000000000000000000000000000000000000000000000000000000000000000000000000000000000000000000000000000000000000000000000000000000000000000000000000000000000000000000000000000000000000000000000000000000000000000000000000000000000000000000000000000000000000000000000000000000000000000000000000000000000000000000000000000000000000000000000000000000000000000000000000000000000000000000000000000000000000000000000000000000000000000000000000000000000000000000000000000000000000000000000000000000000000000000000000000000000000000000000000000000000000000000000000000000000000000000000000000000000000000000000000000000000000000000000000000000000000000000000000000000000000000000000000000000000000000000000000000000000000000000000000000000000000000000000000000000000000000000000000000000000000000000000000000000000000000000000000000000000000000000000000000000000000000000000000000000000000000000000000000000000000000000000000000000000000000000000000000000000000000000000000000000000000000000000000000000000000000000000000000000000000000000000000000000000000000000000000000000000000000000000000000000000000000000000000000000000000000000000000000000000000000000000000000000000000000000000000000000000000000000000000000000000000000000000000000000000000000000000000000000000000000000000000000000000000000000000000000000000000000000000000000000000000000000000000000000000000000000000000000000000000000000000000000000000000000000000000000000000000000000000000000000000000000000000000000000000000000000000000000000000000000000000000000000000000000000000000000000000000000000000000000000000000000000000000000000000000000000000000000000000000000000000000000000000000000000000000000000000000000000000000000000000000000000000000000000000000000000000000000000000000000000000000000000000000000000000000000000000000000000000000000000000000000000000000000000000000000000000000000000000000000000000000000000000000000000000000000000000000000000000000000000000000000000000000000000000000000000000000000000000000000000000000000000000000000000000000000000000000000000000000000000000000000000000000000000000000000000000000000000000000000000000000000000000000000000000000000000000000000000000000000000000000000000000000000000000000000000000000000000000000000000000000000000000000000000000000000000000000000000000000000000000000000000000000000000000000000000000000000000000000000000000000000000000000000000000000000000000000000000000000000000000000000000000000000000000000000000000000000000000000000000000000000000000000000000000000000000000000000000000000000000000000000000000000000000000000000000000000000000000000000000000000000000000000000000000000000000000000000000000000000000000000000000000000000000000000000000000000000000000000000000000000000000000000000000000000000000000000000000000000000000000000000000000', 'Uma retrospectiva do jogo favorito, acho que desde sempre. Considere apoiar meu trabalho no Patreon: / jschlatt Me siga no Twitter pra ver uns memes ruins: / jschlattalt Sobre todas as músicas usadas, favor direcionar-se a essa playlist: • Schlatts Music Catalog ~~ Todas as músicas que você escutou nesse vídeo foram feitas por C148. Por favor considere apoiar o trabalho dele: https://c418.bandcamp.com  / c418  Obrigado a Arlus Finch por ter discutido comigo: / gamgina  Shaders: KUDA Pacote de Texturas: John Smith', 'Gaming');

INSERT INTO MEDIA (url, name)
VALUES
    ('https://www.youtube.com/channel/UCQvWX73GQygcwXOTSf_VDVg','Minecraft: Java Edition');

INSERT INTO PRESENTATION (videoid, mediaurl)
VALUES
    ('zNZ1rq5kW4M', 'https://www.youtube.com/channel/UCQvWX73GQygcwXOTSf_VDVg');

INSERT INTO TAG (videoid, tag)
VALUES
    ('zNZ1rq5kW4M', 'c418'),
    ('zNZ1rq5kW4M', 'minecraft'),
    ('zNZ1rq5kW4M', 'schlatt'),
    ('zNZ1rq5kW4M', 'jschlatt'),
    ('f-ZeYC_EK-E', 'Leon'),
    ('f-ZeYC_EK-E', 'Martins'),
    ('f-ZeYC_EK-E', 'Nilce'),
    ('f-ZeYC_EK-E', 'Moretto'),
    ('f-ZeYC_EK-E', 'nilmoretto'),
    ('f-ZeYC_EK-E', 'intercambio'),
    ('f-ZeYC_EK-E', 'intercâmbio'),
    ('f-ZeYC_EK-E', 'imigrar'),
    ('f-ZeYC_EK-E', 'br'),
    ('f-ZeYC_EK-E', 'pt'),
    ('f-ZeYC_EK-E', 'ptbr'),
    ('f-ZeYC_EK-E', 'daily'),
    ('f-ZeYC_EK-E', 'vlog'),
    ('f-ZeYC_EK-E', 'Canada'),
    ('f-ZeYC_EK-E', 'epidemic sound'),
    ('f-ZeYC_EK-E', 'natal'),
    ('f-ZeYC_EK-E', 'presente de natal'),
    ('f-ZeYC_EK-E', 'troca de presente leon e Nilce');

INSERT INTO COMMENT (id, postid, attachedpostid, text)
VALUES
    (1, 2, 1, 'First!'),
    (2, 3, 2, 'Uau!'),
    (3, 4, 5, 'I love stal!');

INSERT INTO VIDEOSUBTITLE (videoid, language, data)
VALUES
    ('f-ZeYC_EK-E', 'pt', '<transcript><text start="0.359" dur="3.92">a gente tá saindo agora para comprar</text><text start="2.12" dur="4.679">presentes um pro outro eu com uma câmera</text><text start="4.279" dur="5.36">ail com a outra temos as nossas</text><text start="6.799" dur="6.201">categorias que vocês ajudaram a definir</text><text start="9.639" dur="6.601">primeiro é a sua cara segundo você</text><text start="13" dur="6.16">precisa terceiro eu posso explicar e</text><text start="16.24" dur="6.119">quarto presente passivo agressivo</text><text start="19.16" dur="4.76">presente passivo agressivo eu tenho a</text><text start="22.359" dur="5.121">minha ideia Já do que comprar</text><text start="23.92" dur="7.119">PR sabe de todas as categorias eu</text><text start="27.48" dur="5.16">las seias</text><text start="31.039" dur="2.721">as outras eu vou olhar na hora aqui eu</text><text start="32.64" dur="2.72">não tinha ideia do que eu ia dar de</text><text start="33.76" dur="3.72">presente pro Leon Mas uma coisa eu tinha</text><text start="35.36" dur="4.879">certeza eu ia usar as trilhas sonoras e</text><text start="37.48" dur="4.44">os efeitos da epidemic sound sempre tem</text><text start="40.239" dur="3.721">gente querendo descobrir de onde é uma</text><text start="41.92" dur="4.119">música legal que eu tenha selecionado</text><text start="43.96" dur="4.599">para algum vlog algum vídeo especial</text><text start="46.039" dur="4.801">pois é a livraria do epidemic sound tem</text><text start="48.559" dur="4.121">mais de 50.000 Trilhas e você pode</text><text start="50.84" dur="4.92">chegar a qualquer uma pesquisando pelo</text><text start="52.68" dur="5.96">gênero pelo tema se é feliz se é Épica</text><text start="55.76" dur="5.319">efeitos então olho tanto inclusive esse</text><text start="58.64" dur="4.879">barulho de digitação do meu teclado não</text><text start="61.079" dur="5.561">é do meu</text><text start="63.519" dur="5.28">teclado a trilha sonora numa edição bem</text><text start="66.64" dur="3.96">feita é o que vai fazer toda a diferença</text><text start="68.799" dur="3.921">na emoção que você tá transmitindo pra</text><text start="70.6" dur="2.12">sua</text><text start="75.159" dur="4.521">audiência então se você é um criador de</text><text start="77.479" dur="4.361">conteúdo ou quer se profissionalizar</text><text start="79.68" dur="3.92">fazendo vídeo vale muito a pena conhecer</text><text start="81.84" dur="3.959">epidemic sound eu vou deixar o link na</text><text start="83.6" dur="4.159">descrição clica vai lá conferir eu tenho</text><text start="85.799" dur="4.561">certeza que vai valorizar muito os</text><text start="87.759" dur="6.04">vídeos os podcasts que você produz vai</text><text start="90.36" dur="6.52">lá senhoras e senhores a gente se separa</text><text start="93.799" dur="4.561">aqui é eu tô com a minha dji Action 4</text><text start="96.88" dur="2.559">aqui a qualidade da minha imagem vai</text><text start="98.36" dur="3.399">ficar um pouco pior que da Nils com</text><text start="99.439" dur="4.64">minha câmera mais antiga mas a gente tá</text><text start="101.759" dur="6.441">se separando aqui agora você vai para um</text><text start="104.079" dur="7.04">lado eu vou pro outro você já vai</text><text start="108.2" dur="7.08">descer tá então</text><text start="111.119" dur="6.96">vai não não pode ali ali tem uma escada</text><text start="115.28" dur="5.159">ali tem outro elevador Então a gente vai</text><text start="118.079" dur="6.121">separar dentro do shopping Então já vol</text><text start="120.439" dur="6.561">no que clímax isso aqui</text><text start="124.2" dur="4.839">hein eu tentei me separar peguei me</text><text start="127" dur="4.68">seguindo aqui ó peguei me seguindo o</text><text start="129.039" dur="7.681">destino mas a gente se en não vem não a</text><text start="131.68" dur="8">porta é ali de elevador eu vou eu vou eu</text><text start="136.72" dur="6.4">vou nessa loja eu vou eu vou me livrar</text><text start="139.68" dur="5.639">de você agora tá Estou</text><text start="143.12" dur="4.04">fugindo eu vou atrás do primeiro</text><text start="145.319" dur="5.041">presente dela eu falei para ele que eu</text><text start="147.16" dur="5.439">ia nessa loja aqui por eu bati o ol de</text><text start="150.36" dur="4.959">longe e eu já vi uma coisa que eu queria</text><text start="152.599" dur="4.521">comprar porque a gente falou num dos</text><text start="155.319" dur="4.361">vídeos do república na hora que eu bati</text><text start="157.12" dur="5.68">o olho eu lembrei eu acho que todos</text><text start="159.68" dur="5.04">vocês lembraram Bora você vai pra casa</text><text start="162.8" dur="3.799">hoje filha é o seguinte eu tenho uma</text><text start="164.72" dur="3.36">ideia do que eu vou comprar de passivo</text><text start="166.599" dur="4">agressivo para ela que vai ser mais</text><text start="168.08" dur="4.84">fácil então eu vou pegar agora vamos ver</text><text start="170.599" dur="3.681">se ali tem é uma loja de livros e eu tô</text><text start="172.92" dur="2.64">gostando muito de trazer essa câmera</text><text start="174.28" dur="2.959">pequenininha porque eu não fico tão</text><text start="175.56" dur="4.36">constrangido de ligar ela na frente de</text><text start="177.239" dur="5.961">todo mundo tô usando agora é uma dji</text><text start="179.92" dur="6.879">osmo 4 que é basicamente a GoPro só</text><text start="183.2" dur="5.24">melhor e sem tripé sem nada pequenininha</text><text start="186.799" dur="3.601">na palma da minha mão estou falando com</text><text start="188.44" dur="6.159">a minha mão a galera nem vê a câmera</text><text start="190.4" dur="6.759">Olha que coisa isso daqui é um livro da</text><text start="194.599" dur="4.56">Marie condo aquela moça que ensina a</text><text start="197.159" dur="5.521">organizar as coisas a mágica</text><text start="199.159" dur="5.681">transformadora de vida de taria de</text><text start="202.68" dur="4.839">organização eu vou dar isso daqui assim</text><text start="204.84" dur="5.599">passivo agressivo pra Nil ela bagunceira</text><text start="207.519" dur="5.561">não bagunceira não</text><text start="210.439" dur="4.8">organizado um pouco mais que o normal já</text><text start="213.08" dur="5.439">entrei em três lojas PR ver se eu acho</text><text start="215.239" dur="4.961">uma ideia mas como é de praa eu sou</text><text start="218.519" dur="4.561">muito ruim de presente não tenho menor</text><text start="220.2" dur="4.36">ideia do que que eu vou fazer mas o</text><text start="223.08" dur="5.719">melhor presente tá garantido como vocês</text><text start="224.56" dur="6.72">podem observar ah livraria Cara acho que</text><text start="228.799" dur="4.561">eu vou atrás do que é a cara dele agora</text><text start="231.28" dur="3.76">eu vi Ailson entrando na loja ela não me</text><text start="233.36" dur="4.12">viu que eu tava na fila para pagar eu</text><text start="235.04" dur="3.96">virei as costas eu meio que me escondi</text><text start="237.48" dur="2.759">no meio da galera quase eu acho que ela</text><text start="239" dur="3.4">não me viu</text><text start="240.239" dur="4.36">Mas provavelmente ele vai pegar alguma</text><text start="242.4" dur="4.52">coisa de da mesma loja</text><text start="244.599" dur="3.961">também não vou tentar adivinhar vou</text><text start="246.92" dur="5.48">descobrir daqui a pouco né que a fazer</text><text start="248.56" dur="5.72">hoje mesmo a gravação mas tinha um</text><text start="252.4" dur="5.559">joguinho que eu queria ver ver se tem</text><text start="254.28" dur="3.679">aqui pera aí é para mim n é para ela</text><text start="258.079" dur="4.84">não não el não tem não eu vou pro</text><text start="260.959" dur="4.001">próximo presente agora entrei na loja de</text><text start="262.919" dur="3.481">livro para procurar os 300 de Esparta</text><text start="264.96" dur="3.12">que eu queria dar um Graphic novel para</text><text start="266.4" dur="4.32">ele até PR se inspirar com relação à</text><text start="268.08" dur="5.399">arte para fazer a série e tal e entrar</text><text start="270.72" dur="4.96">na categoria do Você vai precisar mas eu</text><text start="273.479" dur="3.56">não achei aí aproveitei entrei na loja</text><text start="275.68" dur="3.56">de games para ver se eu achava alguma</text><text start="277.039" dur="5.921">coisa do astrobot mas não tinha nada</text><text start="279.24" dur="5.64">ainda também então por enquanto seguimos</text><text start="282.96" dur="3.519">com apenas um presente um excelente</text><text start="284.88" dur="3.159">presente mas apenas um senhoras e</text><text start="286.479" dur="4.481">senhores eu estou subindo agora para ir</text><text start="288.039" dur="4.921">pra loja de eletrônic é o presente do</text><text start="290.96" dur="3.48">qual ail precisa normalmente na loja</text><text start="292.96" dur="4.04">eletrônica ela não sabe que ela precisa</text><text start="294.44" dur="4.479">mas ela precisa eu tô indo pegar agora</text><text start="297" dur="6.36">eu sou responsável por cuidar das coisas</text><text start="298.919" dur="4.441">de precisa de tecnologia tá</text><text start="304.68" dur="7.88">aqui estamos</text><text start="307.32" dur="5.24">aqui não ó Tem as mochilas legais</text><text start="314.16" dur="4.36">aqui quero dizer nada não mas acho que</text><text start="316.24" dur="4.04">eu tô precisando da mochila sempre tô</text><text start="318.52" dur="4.16">precisando da mochila eu quero pegar</text><text start="320.28" dur="5.08">essa Case aqui pro MEC porque eu vou dar</text><text start="322.68" dur="4.84">o meu Mac pra News que é 14 Pole ela não</text><text start="325.36" dur="6.279">tem</text><text start="327.52" dur="4.119">com a pro</text><text start="331.84" dur="8.84">fiz bagunça é tipo essa cas aqui não tô</text><text start="335.199" dur="8.801">achando pro 14 polegadas 13 13 13 15</text><text start="340.68" dur="6.519">13 gente 15</text><text start="344" dur="6.24">16 tem tudo caramba derrubei o mesmo tro</text><text start="347.199" dur="5.041">de novo tem tudo menos o 14 eu me olhei</text><text start="350.24" dur="4.64">no espelho da loja e acabei de ter uma</text><text start="352.24" dur="5.959">ideia pro presente passivo agressivo o</text><text start="354.88" dur="4.92">Leon usa as minhas pinças para mexer no</text><text start="358.199" dur="3.56">computador dele que às vezes tem algumas</text><text start="359.8" dur="3.56">pecinhas Muito pequenas com a mão você</text><text start="361.759" dur="4.84">não consegue pegar e às vezes estão fora</text><text start="363.36" dur="5.52">do alcance e ele pede a minha pinça para</text><text start="366.599" dur="4.16">alcançar essas pecinhas e a última vez</text><text start="368.88" dur="4.36">que ele pediu eu já não consegui</text><text start="370.759" dur="5.401">encontrar porque ele tinha pedido antes</text><text start="373.24" dur="5.28">e a gente ou ele não me devolveu eu acho</text><text start="376.16" dur="3.92">que ele não me devolveu eu vou dizer que</text><text start="378.52" dur="3.92">ele não me devolveu para esse presente</text><text start="380.08" dur="4.839">fazer sentido Comprei duas pinças Na</text><text start="382.44" dur="5.199">verdade uma melhorzinha por eu vou</text><text start="384.919" dur="5.521">colocar dentro do pacote dele para ele</text><text start="387.639" dur="4.28">me entregar que a passiva idade é você</text><text start="390.44" dur="5.24">sumiu com a minha pinça eu estou te</text><text start="391.919" dur="5.761">comprando uma uma para você outra PR</text><text start="395.68" dur="5.28">você me devolver a pinça Eu acho que</text><text start="397.68" dur="5.32">isso é bem passivo agressivo né Eu acho</text><text start="400.96" dur="3.76">tem uma loja que é remadora de coisa da</text><text start="403" dur="3.44">Apple aqui embaixo sabe aquelas lojas</text><text start="404.72" dur="3.199">que imitam a loja da Apple só que não</text><text start="406.44" dur="4.24">são da Apple mas faz você pensar que é</text><text start="407.919" dur="4.161">da Apple eu acho que talvez ali tenha</text><text start="410.68" dur="2.72">mas eu vou aproveitar aqui para ver</text><text start="412.08" dur="3.08">outras coisas também eu tenho que</text><text start="413.4" dur="4.6">conseguir os outros presentes ainda só</text><text start="415.16" dur="4.479">tem um até agora o que é o problema</text><text start="418" dur="4.36">Talvez eu tenha que sair desse Shopping</text><text start="419.639" dur="4.28">vou ter que andar na rua vamos ver</text><text start="422.36" dur="3.16">talvez eu vou ter que passar um frio lá</text><text start="423.919" dur="2.641">fora aliás vai ser até bom passar frio</text><text start="425.52" dur="2.56">porque eu tô morrendo de calor nesse</text><text start="426.56" dur="3.68">casaco agora Deveria ter deixado no</text><text start="428.08" dur="3.88">carro cara esse inverno não vai nevar</text><text start="430.24" dur="4.72">esse Natal não vai nevar não porque tá</text><text start="431.96" dur="5.4">quente não tá ventando Não tá nada tá</text><text start="434.96" dur="5.4">todo mundo des moletom ol aqui o povo tá</text><text start="437.36" dur="6.2">sem roupa de frio na rua eu vi com</text><text start="440.36" dur="7.399">casaco pesado tô esbaforida</text><text start="443.56" dur="6.319">é não vai ser Natal Branco não vai ser</text><text start="447.759" dur="3.961">bem quentinho Inclusive tem uma uma loja</text><text start="449.879" dur="3.281">de óculos aqui eu tive uma ideia não sei</text><text start="451.72" dur="3.919">se vai ter aqui eu vou só perguntar</text><text start="453.16" dur="4.159">vamos ver eles não tem aqui exatamente o</text><text start="455.639" dur="4.201">que eu quero então eu vou procurar em</text><text start="457.319" dur="5.361">outra loja também mas eu tive uma ideia</text><text start="459.84" dur="5.199">muito boa mas depende deles terem em</text><text start="462.68" dur="4.44">stoque porque esse que é o problema de</text><text start="465.039" dur="3.961">comprar tudo no dia né tem que pegar o</text><text start="467.12" dur="5.079">que tem disponível no estoque não dá</text><text start="469" dur="4.68">para encomendar Então vamos ver tem</text><text start="472.199" dur="3.361">outra loja ali na frente vou parar e</text><text start="473.68" dur="4.68">perguntar também eu vi um negócio que</text><text start="475.56" dur="4.919">era muito legal mas só tem uma e tava</text><text start="478.36" dur="5">aberta aí eu achei sagem que era uma</text><text start="480.479" dur="4.321">bolsa uma uma pochete com LED eu acho</text><text start="483.36" dur="3.64">que a gente já mostrou inclusive no</text><text start="484.8" dur="3.56">República mas só tinha uma eu vou</text><text start="487" dur="3.319">procurar em outro lugar PR ver se eu</text><text start="488.36" dur="4.88">acho eles têm o que eu quero eu vou</text><text start="490.319" dur="4.56">voltar para pegar depois e aqui ó é a</text><text start="493.24" dur="4.919">loja que parece a loja da Apple mas não</text><text start="494.879" dur="5.961">é eu vou lá agora ver se tem aqui tem eu</text><text start="498.159" dur="4.76">vou voltar aqui antes de ir pra casa</text><text start="500.84" dur="4.16">porque eu não quero at ficar carregando</text><text start="502.919" dur="4.041">Então as duas as duas coisas que eu</text><text start="505" dur="3.36">quero tem uma loja na frente da outra</text><text start="506.96" dur="3.32">agora eu vou ter que sair do shopping</text><text start="508.36" dur="3.64">para ir atrás a terceira coisa eu não</text><text start="510.28" dur="3.439">tenho nada eu posso explicar eu</text><text start="512" dur="6.12">absolutamente não tenho nada do eu posso</text><text start="513.719" dur="4.401">explicar o que que está acontecendo</text><text start="518.88" dur="4.639">comigo eu não tenho do eu posso explicar</text><text start="521.44" dur="4.28">por que que eu escolhi essa categoria eu</text><text start="523.519" dur="3.921">posso que que que que eu posso explicar</text><text start="525.72" dur="3.72">eu tenho só presente bom para dar na</text><text start="527.44" dur="4.88">minha cabeça tá eu posso explicar eu</text><text start="529.44" dur="5.28">traco meio meio tosqueira</text><text start="532.32" dur="4.56">né que que eu</text><text start="534.72" dur="4.88">faço eu não</text><text start="536.88" dur="3.88">sei eu não sei eu vou ligar para ele el</text><text start="539.6" dur="3.6">para ver se ele vai comer porque senão</text><text start="540.76" dur="4.759">eu vou comer agora adquiri o presente</text><text start="543.2" dur="2.319">número</text><text start="546.44" dur="5.04">dois tá você vai comer aqui ou não eu</text><text start="549.64" dur="3.72">acho que eu vou comer então eu tive uma</text><text start="551.48" dur="5.24">ideia aqui de algo que ele vai precisar</text><text start="553.36" dur="5.599">u é a sua cara eu ainda não achei eu tô</text><text start="556.72" dur="4.76">do lado de fora agora indo em direção a</text><text start="558.959" dur="4.88">uma loja que vende coisa de artesanato</text><text start="561.48" dur="4.24">por a Nils começou a fazer muitos</text><text start="563.839" dur="4.24">desenhos no meu tablet que ela tomou de</text><text start="565.72" dur="4.239">mim sabe recentemente Inclusive a minha</text><text start="568.079" dur="4.641">conta tá nele aí toda vez que ela</text><text start="569.959" dur="4.481">desenha nas notas da Samsung lá sinca</text><text start="572.72" dur="4.84">com o meu Smartphone e bagunça todas as</text><text start="574.44" dur="4.48">notas que eu tenho salvas e não estou</text><text start="577.56" dur="2.88">reclamando só fta tirar minha conta do</text><text start="578.92" dur="4.96">negócio tá eu que não fiz isso ainda</text><text start="580.44" dur="5.36">bobagem minha mas exatamente eu não ela</text><text start="583.88" dur="3.88">ia dar um uso muito melhor pro tablet</text><text start="585.8" dur="4.32">que eu e ela tá dando só que eu vi que</text><text start="587.76" dur="4.68">ela tem um ímpeto de fazer coisas de</text><text start="590.12" dur="3.839">artesanato eu vou comprar uns trecos</text><text start="592.44" dur="4.92">para ela desenhar de verdade não só no</text><text start="593.959" dur="6.041">tablet para ela ter o o output criativo</text><text start="597.36" dur="5.12">dela tem isso daqui Só que eu acho que</text><text start="600" dur="5.04">não é adequado pra idade né Eu acho ela</text><text start="602.48" dur="5.44">tem mais de 6</text><text start="605.04" dur="4.68">anos nessa parte tá certo mas acho que</text><text start="607.92" dur="3.76">não vou ver se eu acho uma ferramenta</text><text start="609.72" dur="4.6">que eu sei que ele precisa que é uma</text><text start="611.68" dur="4.52">chave de fenda magnética o Leon toda vez</text><text start="614.32" dur="4.16">que vai mexer com parafuso ele acaba</text><text start="616.2" dur="4.04">perdendo o parafuso ou o parafuso cai em</text><text start="618.48" dur="4.12">algum lugar porque a gente não tem uma</text><text start="620.24" dur="5.599">chave de fenda com a ponta magnética aí</text><text start="622.6" dur="5.359">eu fui comprei um jogo de chave de fenda</text><text start="625.839" dur="3.761">com a ponta magnética eu achei um treco</text><text start="627.959" dur="4.521">bem legal tô muito tempo olhando esse</text><text start="629.6" dur="5.08">set de mídia misturada para poder</text><text start="632.48" dur="5.2">experimentar a tinta Tem tudo aqui</text><text start="634.68" dur="4.52">entendeu para ela fazer as coisas e olha</text><text start="637.68" dur="4.399">mais o que que tem aqui que legal tem</text><text start="639.2" dur="7.92">esses blocos aqui ó</text><text start="642.079" dur="6.801">de ah droga é basicamente um papel para</text><text start="647.12" dur="3.92">você usar com mídia misturada a você</text><text start="648.88" dur="4.6">pode usar com tinta com eles são feitos</text><text start="651.04" dur="5.44">para você misturar as coisas aí ela pode</text><text start="653.48" dur="4.96">dar vazão a criatividade dela S um gênio</text><text start="656.48" dur="5.359">é legal né ela pode pegar isso aqui</text><text start="658.44" dur="5.639">fazer os desenhos ela né E pode misturar</text><text start="661.839" dur="3.56">as coisas que vem no Kit eu achei isso</text><text start="664.079" dur="4.801">aqui muito bom ela vai</text><text start="665.399" dur="7.721">gostar é eu acho que ela vai</text><text start="668.88" dur="7.959">gostar eu espero entrei na internet e eu</text><text start="673.12" dur="5.959">vi que tem mais daquela pochete com LED</text><text start="676.839" dur="5.521">no estoque dessa farmácia aqui dessa</text><text start="679.079" dur="5.921">London aqui então eu vou correr lá</text><text start="682.36" dur="5.36">porque vai que eu não vi direito e tem</text><text start="685" dur="5.16">uma caixinha fechada se tiver meu amigo</text><text start="687.72" dur="4.559">esse é o presente com a do leão e aí eu</text><text start="690.16" dur="4.119">tive uma outra ideia de outro presente</text><text start="692.279" dur="4.441">que eu vou fazer para ele mas Esso eu</text><text start="694.279" dur="3.961">vou fazer só chegando lá em casa e eu</text><text start="696.72" dur="3">vou aproveitar esse momento então que</text><text start="698.24" dur="3.36">ela deve estar na praja de alimentação</text><text start="699.72" dur="3.84">eu espero que ela esteja eu vou entrar</text><text start="701.6" dur="4.08">por fora no estacionamento e vou deixar</text><text start="703.56" dur="3.68">esse pacote aqui no porta-mala do carro</text><text start="705.68" dur="3.24">porque a gente combinou que eu vou eu</text><text start="707.24" dur="3.24">espero que ela lembre que eu vou deixar</text><text start="708.92" dur="3.159">no porta-mala ela vai deixar no banco da</text><text start="710.48" dur="5.359">frente aí eu vou colocar isso lá porque</text><text start="712.079" dur="5.401">não dá para carregar mais depois é eu eu</text><text start="715.839" dur="3.401">vou ter que dar uma olhada no preço do</text><text start="717.48" dur="3.52">negócio que eu quero comprar para ela</text><text start="719.24" dur="3.48">uma das coisas que eu quero comprar é o</text><text start="721" dur="3.72">meta Rayban tirando isso acho que eu</text><text start="722.72" dur="4.16">tenho todos os presentes a não ser que</text><text start="724.72" dur="4.48">eu vou vou ter um tempo para comprar uma</text><text start="726.88" dur="4.639">gracinha mais também vou fazer um pegar</text><text start="729.2" dur="3.759">alguma coisa fazer uma piadinha mas</text><text start="731.519" dur="4">vamos</text><text start="732.959" dur="3.961">ver meu plano eu vou esconder aqui</text><text start="735.519" dur="4.801">dentro para ter certeza que ela não vai</text><text start="736.92" dur="5.2">ver eu vou tentar pera aí acho que foi</text><text start="740.32" dur="4.079">aqui com certeza ela não vai nem notar</text><text start="742.12" dur="4">do presente da sua cara eu pensei em</text><text start="744.399" dur="3.521">comprar um hidratante nessa farmácia</text><text start="746.12" dur="3.6">aqui e aí eu ia dar para ele o</text><text start="747.92" dur="5.08">hidratante ele ia falar mas on hidrata a</text><text start="749.72" dur="5.96">cara eu falei sim mas é pra sua cara ia</text><text start="753" dur="5.92">ser perfeito né Talvez eu faça essa</text><text start="755.68" dur="6">piada Talvez seja uma boa piada a fazer</text><text start="758.92" dur="4.599">peguei a cas pro computador dela que ela</text><text start="761.68" dur="5.08">vai ganhar o novo que não é o novo é o</text><text start="763.519" dur="4.56">meu aí ela não tem cas ainda Deixa eu</text><text start="766.76" dur="2.84">guardar isso na mala antes que eu cruo</text><text start="768.079" dur="3.601">com ela aqui mas pelo menos esse</text><text start="769.6" dur="3.76">presente já tá é a coisa que ela precisa</text><text start="771.68" dur="3.08">esse presente já tá feito o negócio de</text><text start="773.36" dur="2.8">eu mostrar as coisas para vocês aqui é</text><text start="774.76" dur="2.92">complicado eu queria ter uma imagem boa</text><text start="776.16" dur="3.76">para colocar no vídeo de eu mostrando</text><text start="777.68" dur="3.64">comprando as coisas só Se eu sair no</text><text start="779.92" dur="2.599">corredor como ela tá nesse shopping</text><text start="781.32" dur="3.24">nesse shopping menor a chance de eu</text><text start="782.519" dur="4.201">cruzar com ela é muito grande então eu</text><text start="784.56" dur="4.56">tenho que simplesmente pegar dar uma</text><text start="786.72" dur="4.6">mostrad minha e dar uma escondida assim</text><text start="789.12" dur="4.48">eu queria ter o momento entendeu para</text><text start="791.32" dur="4.12">vocês verem tudo que eu tô comprando a</text><text start="793.6" dur="4.64">imagem não tá boa eu sei eu me sinto</text><text start="795.44" dur="4.959">culpado Tá mas não tem escolha sejam</text><text start="798.24" dur="5.039">pacientes por favor ela não tá aqui</text><text start="800.399" dur="5">perto eu quero dar pra Nilce que ela vai</text><text start="803.279" dur="4.761">gostar o meta Raven que ela tá falando</text><text start="805.399" dur="4.12">há muito tempo dele que ela queria muito</text><text start="808.04" dur="3.599">porque vai ser legal para produzir</text><text start="809.519" dur="4.081">conteúdo porque você pode fazer os</text><text start="811.639" dur="3.56">videozinhos né essas coisas você sempre</text><text start="813.6" dur="3.479">tem um óculos na sua cara eu só tem que</text><text start="815.199" dur="3.721">decidir o modelo eu vou perguntar pro</text><text start="817.079" dur="3.361">cara só se ela pode trocar caso ela não</text><text start="818.92" dur="3">goste mas eu vou pegar o modelo que eu</text><text start="820.44" dur="3.56">acho que ela vai gostar Aliás só tem</text><text start="821.92" dur="4.039">dois tem o masculino e o feminino só que</text><text start="824" dur="4.32">o feminino achei muito pequeno que tem</text><text start="825.959" dur="4.32">disponível ali em estoque e a nilcy usa</text><text start="828.32" dur="3.84">uns óculos mais largos eu vou perguntar</text><text start="830.279" dur="4.12">pro cara se ela não gostar se dá para</text><text start="832.16" dur="4.239">trocar mas eu acho que vai ser esse</text><text start="834.399" dur="6.24">mesmo fechadinha</text><text start="836.399" dur="7.601">gente muito legal não é</text><text start="840.639" dur="6.601">acho que vai curtir a de lede e tem o</text><text start="844" dur="6.48">chaino muito bom cara achei fechei</text><text start="847.24" dur="5.2">fechei fechei não muito bom isso aqui</text><text start="850.48" dur="5.12">muito bom se ele não usar eu uso comprei</text><text start="852.44" dur="4.48">vocês não viram nada porque eu esse é o</text><text start="855.6" dur="4.599">meu grande presente eu esta com medo</text><text start="856.92" dur="5.359">dela me ver aqui fora então eu já enfiei</text><text start="860.199" dur="3.64">já saí de dentro da loja com trp Tudo</text><text start="862.279" dur="3.68">enfiado dentro da bolsa eu corri</text><text start="863.839" dur="5.521">carregando peso e agora meu baço tá</text><text start="865.959" dur="4.601">doendo cara cadê a chave do carro eu Oxi</text><text start="869.36" dur="3.919">que ele já tivesse colocado as coisas</text><text start="870.56" dur="4.92">dele aqui mas ele não colocou ou colocou</text><text start="873.279" dur="2.201">lá</text><text start="876.88" dur="4.48">dentro não mas é o seguinte eu vou ligar</text><text start="879.88" dur="4.24">para ela agora e contar a novidade que</text><text start="881.36" dur="5.52">eu tenho todos né eu tenho</text><text start="884.12" dur="3.68">todos Terminei eu consegui tudo que eu</text><text start="886.88" dur="4.04">tinha</text><text start="887.8" dur="4.56">imaginado sério sério eu achei tudo uma</text><text start="890.92" dur="4">coisa eu achei que eu não fosse achar</text><text start="892.36" dur="4.76">será que você acha a mesma coisa que eu</text><text start="894.92" dur="3.76">não eu achei tudo eu achei o negócio que</text><text start="897.12" dur="4.079">eu tinha imaginado também antes de</text><text start="898.68" dur="5.279">chegar aqui não eu ache será que é a</text><text start="901.199" dur="5.521">mesma coisa que eu achei não não não é</text><text start="903.959" dur="5.721">tem certeza mesma coisa que eu ache só</text><text start="906.72" dur="4.919">tinha um Ah então não Então tinha mais</text><text start="909.68" dur="3.64">de um você vai trazer suas coisas pro</text><text start="911.639" dur="3.88">carro não não preciso mais não que eu</text><text start="913.32" dur="3.84">precis colocar já coloquei o resto éo dá</text><text start="915.519" dur="3.841">pr carregar Ah você já colocou as coisas</text><text start="917.16" dur="3.599">no carro o que eu precisava colocar eu</text><text start="919.36" dur="3.56">coloquei o resto dá pr carregar eu tô</text><text start="920.759" dur="6.121">carregando o resto que coisa no porta</text><text start="922.92" dur="8.88">mala eu não vi nada quê você PIS aonde</text><text start="926.88" dur="6.72">no portala não tem nada no porta ela é</text><text start="931.8" dur="3.12">não tem por que que você olhou não</text><text start="933.6" dur="4.039">porque eu fui guardar as minhas coisas</text><text start="934.92" dur="5.12">não L sen olha no banco de trás senhoras</text><text start="937.639" dur="4.041">e senhores é um prato muito maior do que</text><text start="940.04" dur="3.56">eu consigo comer devia ter pedido pra</text><text start="941.68" dur="4.48">viagem e levar o resto pra casa mas é o</text><text start="943.6" dur="4.039">seguinte Ele olhou no porta-mala Ainda</text><text start="946.16" dur="4.32">bem que eu</text><text start="947.639" dur="5">escondi gente olhou o porta-mala do</text><text start="950.48" dur="4.56">carro eu olhei eles são R testemunhou eu</text><text start="952.639" dur="4.521">não vi nada aqui mas eu não olhei no</text><text start="955.04" dur="5.359">porta-mala eu abri o porta-mala e eu não</text><text start="957.16" dur="5.32">vi nada eu vi as então</text><text start="960.399" dur="4.281">mas eu não olhei eles são testemunhas de</text><text start="962.48" dur="5.24">que eu não</text><text start="964.68" dur="4.32">olhei conseguiu achar tudo achei tudo</text><text start="967.72" dur="3.96">exatamente o que eu tinha pensado</text><text start="969" dur="4.68">inclusive sério sério você vai gostar de</text><text start="971.68" dur="5.36">absolutamente tudo eu tenho certeza eu</text><text start="973.68" dur="3.36">sou o melhor presenteador do</text><text start="977.6" dur="4.2">mundo ano passado não ganhei nada de</text><text start="979.959" dur="3.68">útil Ó gente tudo no escuro agora a</text><text start="981.8" dur="3.76">gente vai pra casa para gravar e eu já</text><text start="983.639" dur="4.32">vou começar a editar hoje mesmo ficou</text><text start="985.56" dur="5.04">tão em cima da hora eu vou editar hoje</text><text start="987.959" dur="4.841">aquele prato do chamita queele que eu</text><text start="990.6" dur="5.2">mostrei PR você a gente compra um e come</text><text start="992.8" dur="4.56">os dois aí eu tentei comer um sozinho eu</text><text start="995.8" dur="3.68">estou lotado de comida e não consegui</text><text start="997.36" dur="4.039">comer tudo sério você não trouxe uma</text><text start="999.48" dur="3.68">Martinha PR mim ah não mas que tinha</text><text start="1001.399" dur="6.92">sobrado pouco assim Acho que não você</text><text start="1003.16" dur="6.479">não comeu eu comi chipo Ah então que que</text><text start="1008.319" dur="4.64">você tá</text><text start="1009.639" dur="7.481">reclamando gente de</text><text start="1012.959" dur="6.761">fome cara ISO isso que isso que é embrar</text><text start="1017.12" dur="4.639">presente assim a parte aqui ficou meio</text><text start="1019.72" dur="3.32">levantadinha mas não importa tá porque</text><text start="1021.759" dur="4.721">você pode inclusive colocar a mão aqui</text><text start="1023.04" dur="5.12">se tem um lugar PR encaixar ele né você</text><text start="1026.48" dur="3.959">tem assim um você qu colocar no</text><text start="1028.16" dur="3.96">pendurador de casaco aí Isso aqui já tem</text><text start="1030.439" dur="3.081">essa função inclusive quando você</text><text start="1032.12" dur="4.6">entregar pra pessoa em vez de entregar</text><text start="1033.52" dur="4.76">assim você pode colocar a mão aqui aí</text><text start="1036.72" dur="4.719">fica mais</text><text start="1038.28" dur="4.84">estabilidade eu sei G ah antes de</text><text start="1041.439" dur="4.36">embrulhar deixa eu ver um negócio aqui</text><text start="1043.12" dur="5.799">rapidinho pera aí gente vou comprar mais</text><text start="1045.799" dur="3.12">um negocinho</text><text start="1049.039" dur="5.64">esse aqui que eu vou comprar ó isso aqui</text><text start="1051.64" dur="4.96">tem o óculos rean eu vou colocar aqui</text><text start="1054.679" dur="3.521">porque eu vou dobrar esse por cima aí</text><text start="1056.6" dur="3.88">esse daqui é um pouco mais fácil porque</text><text start="1058.2" dur="4.88">é só cortar aqui ó você vai fazer tipo</text><text start="1060.48" dur="4.92">um casulo sabe qual é Espero espero não</text><text start="1063.08" dur="5.12">tenha ficado curto talvez tem ficado não</text><text start="1065.4" dur="5.32">sei é de vez em quando mesmo os melhores</text><text start="1068.2" dur="5.56">embrulhados calculam errado</text><text start="1070.72" dur="8.92">Leon terminei</text><text start="1073.76" dur="5.88">[Música]</text><text start="1079.88" dur="4.36">ó perfeito ó agora gente o resultado</text><text start="1082.52" dur="5.36">vocês vão ver lá no coisa de nerde tá</text><text start="1084.24" dur="6.439">bom hora da Revelação vai lá</text><text start="1087.88" dur="5.2">assistir</text><text start="1090.679" dur="3.631">pronto</text><text start="1093.08" dur="3.12">perfeito</text><text start="1094.31" dur="2.89">[Música]</text><text start="1096.2" dur="3.53">[Aplausos]</text><text start="1097.2" dur="5.65">[Música]</text><text start="1099.73" dur="8.03">[Aplausos]</text><text start="1102.85" dur="8.91">[Música]</text><text start="1107.76" dur="4">terminei m</text></transcript>'),
    ('zNZ1rq5kW4M', 'en', '<transcript><text start="4.19" dur="1">“Ay!”</text><text start="5.19" dur="1">“Yeah, whats up?”</text><text start="6.19" dur="1">“I found a…</text><text start="7.19" dur="1">I found a disk.”</text><text start="8.19" dur="2.2">“Well put it in the… put it in the thing then.”</text><text start="10.39" dur="1">“No.”</text><text start="11.39" dur="1">“Let’s go.”</text><text start="12.39" dur="1.56">“PUT IT IN THE THING!” “ok”</text><text start="13.95" dur="3.35">The last time you clicked on a Minecraft video was probably like, five years ago.</text><text start="17.3" dur="3.64">Don’t worry, I’m in that camp, too -- I’d rather watch paint dry than another Hunger</text><text start="20.94" dur="1.51">Games let’s play.</text><text start="22.45" dur="3.32">My name is Schlatt, and today we’re gonna talk a bit about how a stupidly simplistic</text><text start="25.77" dur="4.23">sandbox became my favorite game, where I think it took a turn in the wrong direction, and</text><text start="30" dur="4.12">why even after all the new changes, even after how god-awful the community’s become, and</text><text start="34.12" dur="1.06">even after...</text><text start="35.18" dur="1">Minecoins?</text><text start="36.18" dur="2.58">There’s still a soft spot for it in my heart.</text><text start="47.36" dur="1.36">“Why did you do that?”</text><text start="48.76" dur="1.78">“It’s not a good song.”</text><text start="50.55" dur="1.84">“Alright well, put something else in.</text><text start="52.39" dur="1.23">Put something else in.”</text><text start="53.62" dur="0.74">“Yeah?”</text><text start="55.24" dur="1.22">“He puts Stal in.</text><text start="56.46" dur="2.93">He puts f*ckin Stal in the jukebox are you f*cking kidding me--”</text><text start="59.39" dur="1">*Bickering*</text><text start="60.39" dur="0.99">C418 - Stal 000 “Oh my god STAL!?</text><text start="62" dur="3.48">Minecraft came out for the Xbox 360 on May 9, 2012.</text><text start="65.48" dur="3.32">Coincidentally that was the day 12 year old Schlatt found his new favorite game.</text><text start="68.8" dur="1">Remember Bionicles?</text><text start="69.8" dur="3.48">Yeah, I had more than you did, so naturally, a game where you could build whatever you</text><text start="73.28" dur="1.95">wanted was right up my alley.</text><text start="75.23" dur="4.1">The 360 release of Minecraft was a barebones version of an already-barebones game.</text><text start="79.33" dur="4.09">It was charmingly simple, dropping you into a world with no real instructions or goals.</text><text start="83.42" dur="3.76">There wasn’t much to do, but the things you could do, the game nailed.</text><text start="87.18" dur="3.48">Combat was straightforward and fun, especially with a group of friends, building stuff was</text><text start="90.66" dur="1.19">almost therapeutic…</text><text start="91.85" dur="3.39">and the quiet time spent mining in preparation for…</text><text start="96.38" dur="2.48">“Dog this song f*ckin sucks I’m sorry.”</text><text start="98.86" dur="2.28">“Ey what the f*ck do you mean!”</text><text start="101.14" dur="3.74">*More yelling*</text><text start="105.6" dur="3.64">And the quiet time spent mining in preparation for what was to come.</text><text start="109.25" dur="4.14">That space to organize your thoughts and plan out your next move, all the while being serenaded</text><text start="113.39" dur="2.31">by those faint piano melodies in the background…</text><text start="115.7" dur="2.43">That was the icing on the cake.</text><text start="118.13" dur="1.35">I was in love with this game.</text><text start="119.48" dur="2.05">It let me be creative, adventurous.</text><text start="121.53" dur="2.25">You could do with everything around you what you pleased.</text><text start="123.78" dur="5.009">And some of my fondest gaming memories have come from open-world games like that - DayZ,</text><text start="128.789" dur="4.601">GTA 4, Sakura Beach, w… wait.</text><text start="133.39" dur="3.08">Every day after school I’d hop off the bus, throw myself on the couch, and log back in.</text><text start="136.47" dur="3.61">There was only oneworld I played on -- I wanted it to be the only one my friends played on,</text><text start="140.08" dur="2.63">too, so I crammed as much cool shit in there as I could.</text><text start="142.71" dur="4.03">I built minecarts, mob traps, I exploited this duplication glitch and built a house</text><text start="146.74" dur="2.93">out of diamond blocks, listen I was a perfectionist.</text><text start="149.67" dur="3.45">And this world had to be perfect, or else all I would have been doing was wasting away</text><text start="153.12" dur="1.75">in front of a TV every day.</text><text start="154.87" dur="4.22">But even after the countless hours I pumped into Minecraft, I was still pretty ass at</text><text start="159.09" dur="1">building.</text><text start="160.09" dur="3.11">So I started watching other people play to figure out what I could do or build to make</text><text start="163.2" dur="1.34">my world a little better.</text><text start="164.54" dur="4.62">And as a result, I found an entirely new avenue of the game.</text><text start="171.54" dur="1.82">“Oh my God dude.”</text><text start="179.54" dur="1.44">“Hey.”</text><text start="180.98" dur="1.74">“What?”</text><text start="182.72" dur="1.2">“...You wanna make a let’s play?”</text><text start="225.52" dur="2.4">I was never a huge fan of Let’s Plays.</text><text start="227.92" dur="2.76">My introduction to the genre was, well, loud.</text><text start="230.68" dur="3.639">Even back then it was a screaming contest, and even though I was twelve, that kinda stuff</text><text start="234.319" dur="1.661">just didn’t sit well with me.</text><text start="235.98" dur="3.96">I found myself gravitating to more reserved and laid back YouTubers, like Monkeyfarm,</text><text start="239.94" dur="3.04">who, in the Let’s Play space, was a breath of fresh air.</text><text start="242.98" dur="3.93">He took a very methodical approach to building, and his videos were more about that process</text><text start="246.91" dur="1.77">rather than about him.</text><text start="248.68" dur="3.559">And as I watched more videos, I eventually found my way into modded Minecraft through</text><text start="252.239" dur="1.421">these two guys, Sips and Sjin.</text><text start="253.66" dur="3.469">They were the quieter side of the Yogscast, and even though both of them sucked at the</text><text start="257.129" dur="4.091">game, it was hilariously fun to watch them dick around and try to figure things out.</text><text start="261.22" dur="3.75">These boys were the perfect let’s play combo, and their Sipsco Let’s series, where they</text><text start="264.97" dur="4.94">automate the process of dirt collection, is singlehandedly responsible for my foray into</text><text start="269.92" dur="0.88">Tekkit.</text><text start="285.31" dur="1.89">Tekkit was a different beast altogether.</text><text start="287.23" dur="4.32">A collection of technology-oriented mods that looked like Minecraft, but offered an entirely</text><text start="291.55" dur="1.02">new way to play the game.</text><text start="292.57" dur="2.08">If you didn’t like mining, you didn’t have to do it.</text><text start="294.65" dur="2.19">You could build one of these things and it’d dig for you.</text><text start="296.84" dur="2.64">If you didn’t like building, well, guess what.</text><text start="299.48" dur="3.88">Anything you wanted to do could be done with the right machines, and it led to some pretty</text><text start="303.36" dur="2.8">incredible stuff.</text><text start="316.56" dur="2.64">Tekkit’s charm wore off quickly, though.</text><text start="319.24" dur="4.19">After the Sipsco series ended, I found myself getting bored with mods, and gradually, I</text><text start="323.43" dur="1.67">made my way back to vanilla.</text><text start="325.1" dur="1.539">But the charm was gone here, too.</text><text start="326.639" dur="5.251">I tried to put my feelings into words on the Minecraft forum, and I left an extremely controversial</text><text start="331.89" dur="1">post.</text><text start="332.89" dur="4.39">I feel like Minecraft is becoming too complicated, I liked it the old way better.</text><text start="337.28" dur="2.639">Now there&#39;s weighted pressure plates and these sun things.</text><text start="339.919" dur="2.701">I still don&#39;t know how to use anything from that redstone update.</text><text start="342.62" dur="2.96">Why is everything becoming more complex?</text><text start="345.58" dur="8.07">I thought Minecraft was popular for its sipmlicity (or at least that&#39;s why I liked it).</text><text start="353.68" dur="1.84">I think I summed it up pretty well.</text><text start="355.52" dur="4.88">I had stopped playing mods because I preferred that simplicity -- and with each new update</text><text start="360.419" dur="5.011">and each round of new items and gameplay mechanics added to the base game, I felt like Minecraft</text><text start="365.43" dur="3.15">wasn’t Minecraft anymore.</text><text start="368.58" dur="1.929">So that begs the question…</text><text start="370.509" dur="3.041">what is Minecraft?</text><text start="373.55" dur="1">For me…</text><text start="374.55" dur="2.82">Minecraft is not knowing how to play Minecraft.</text><text start="377.37" dur="3.609">It’s generating that first world and thinking to yourself, what next?</text><text start="380.979" dur="3.671">It’s standing in awe at the foot of a massive ravine.</text><text start="384.65" dur="2.6">Minecraft is that dirt hut you built on the first night.</text><text start="387.25" dur="4.39">The memories I cherish the most from this game are from when I had no idea what I was</text><text start="391.64" dur="1">doing.</text><text start="392.64" dur="1.58">They’re from when the game was simple.</text><text start="394.22" dur="3.02">And from when my life was simple, too.</text><text start="397.24" dur="2.05">Because back then, there was nothing to worry about.</text><text start="399.29" dur="4.51">School was a joke, I didn’t have to study to do well, I didn’t have any commitments…</text><text start="403.8" dur="2.899">Pretty much all of my free time was spent playing video games.</text><text start="406.699" dur="1.931">And, it was enjoyable.</text><text start="408.63" dur="2.09">I didn’t have a future to worry about.</text><text start="410.72" dur="3.88">I was only just beginning to realize that I liked to make videos, and that was only</text><text start="414.6" dur="3.97">because of an uncle in the field who continued to encourage me.</text><text start="418.57" dur="4.33">Looking back, I suppose the simplicity of my seventh grade life coincided pretty well</text><text start="422.9" dur="2.14">with the simplicity of Minecraft.</text><text start="425.04" dur="4.4">And as I got older, and as I gradually figured myself out, what I enjoyed doing, what my</text><text start="429.44" dur="4.66">hobbies were, what I wanted to do later in life, Minecraft got older, too.</text><text start="434.1" dur="4.069">At the end of the day, I don’t know if it was my maturation or Minecraft’s maturation</text><text start="438.169" dur="6.771">that started pushing me away, but ever since 2013, the game just hasn’t felt the same.</text><text start="448.96" dur="6.72">Until in a moment of reflection, and tranquility, that soft piano starts fading in.</text><text start="455.699" dur="3.671">And the warm melodies I’ve come to know all too well over the years invite me back</text><text start="459.37" dur="3.32">into a world I’ve missed for so long.</text><text start="462.69" dur="3.94">C418’s Minecraft: Volume Alpha.</text><text start="466.63" dur="3.64">I know nothing about music theory and I’m not gonna pretend like I do, but there’s</text><text start="470.27" dur="1.25">something about it.</text><text start="471.52" dur="6.53">Maybe it’s the simple piano of Dry Hands, maybe it’s the quirkiness of Subwoofer Lullaby…</text><text start="478.05" dur="3.339">Or maybe it’s not actually the music at all.</text><text start="481.389" dur="3.511">Because when I heard these songs for the first time, they didn’t blow me away.</text><text start="484.9" dur="2.78">I didn’t instantly fall in love with the soundtrack.</text><text start="487.68" dur="4.769">But the soundtrack is the only thing that hasn’t changed since I loaded up the game</text><text start="492.449" dur="1">for the first time.</text><text start="493.449" dur="2.831">For me, these songs are timeless.</text><text start="496.28" dur="4.55">And when they start playing, just for a moment, I feel like I’m 12 again, playing on that</text><text start="500.83" dur="2.86">same world I always used to.</text><text start="503.69" dur="3.569">The music is what brings back all those memories.</text><text start="507.28" dur="5.76">It brings back Minecraft.</text><text start="522" dur="4.24">Today, the Xbox 360 sits quietly on my dresser.</text><text start="526.25" dur="3.01">To its right, a hacked Wii with the Homebrew Channel on it.</text><text start="529.26" dur="5.3">Before I got into Minecraft I used to spam infinite items at people in Mario Kart and</text><text start="534.56" dur="3.65">just make the race a living hell for everyone in it and yes, that is actually me playing</text><text start="538.21" dur="3.97">the game, recording the analog TV with a camera on a tripod.</text><text start="542.18" dur="1">I know, it was bad.</text><text start="543.18" dur="3.21">But I had to start somewhere, and that was it.</text><text start="546.39" dur="3.569">To its left, a Mac Pro that weighs more than I do.</text><text start="549.959" dur="4.371">A parting gift from my uncle, who lost his fight to cancer in 2013.</text><text start="554.33" dur="4.79">He was the one who got me into making videos in the first place, and God knows where I’d</text><text start="559.12" dur="1.26">be without him.</text><text start="560.38" dur="3.94">They’re all dusty, but they’re all still plugged in, hooked up to a TV that hasn’t</text><text start="564.32" dur="1.3">been on for a while.</text><text start="565.62" dur="3.46">And that world is still there, too.</text><text start="569.08" dur="1.54">So I decided to go back in.</text><text start="570.62" dur="3.54">For the first time in half a decade, I turned on the Xbox.</text><text start="574.16" dur="3.81">I spawned in my wooden house, the first thing I ever built in Minecraft.</text><text start="577.97" dur="6.79">I made my way past the dozen or so dogs I had bred, and I went outside, and saw the first mob trap I ever tried</text><text start="584.76" dur="1">building.</text><text start="585.76" dur="4.56">I don’t think I ever got that one working.</text><text start="590.32" dur="3.94">Next door, the house of an old friend I haven’t spoken to since middle school.</text><text start="594.26" dur="3.06">Above it, a “floating island” I spent days trying to make.</text><text start="597.32" dur="8.52">A little up the hill, the second attempt at a mob trap, which I think I got working at some point -- and the entrance to a minecart</text><text start="605.84" dur="2.2">rail that went on for miles.</text><text start="608.04" dur="4.45">Underground, into caves, over the water, it was insane.</text><text start="612.49" dur="2.97">The magnum opus of the entire world.</text><text start="615.46" dur="4.16">And slowly but surely, Sweden faded in.</text><text start="619.62" dur="1.49">And I just started crying.</text><text start="621.11" dur="5.67">They weren’t sad tears, they weren’t tears of joy, I wasn’t overwhelmed, I…</text><text start="626.78" dur="1.4">I don’t know.</text><text start="628.18" dur="4.96">I knew that all this world is, all this game is, is just a cleverly constructed sequence</text><text start="633.14" dur="4.19">of 1s and 0s but i knew that in a way it’s a part of me.</text><text start="637.33" dur="4.54">This world is something that I will always hold dear to my heart.</text><text start="641.87" dur="4.74">It’s a window into the past, a reflection of the kid I was.</text><text start="646.61" dur="6.4">It’s been waiting here, unchanged since 2013, when I logged off the 360 for the last</text><text start="653.01" dur="2.19">time.</text><text start="655.2" dur="3.94">Unchanged since I started to become the man I am today.</text><text start="659.14" dur="2.63">Minecraft, the game, is changing.</text><text start="661.77" dur="3.22">Minecraft’s audience, changed a long time ago.</text><text start="664.99" dur="3.3">The only thing that’s really stayed static about it, has been the music.</text><text start="668.29" dur="3.37">You can put me in some random world I’ve never explored.</text><text start="671.66" dur="2.21">You can add weird new items I’ll never learn how to use.</text><text start="673.87" dur="6.08">But to me, it’s not Minecraft until that music starts fading in, and I’m pulled back</text><text start="679.95" dur="6.31">into a world when nothing really mattered, when everything was easy, and when, well,</text><text start="686.26" dur="2.22">I was happy.</text><script/></transcript>');

INSERT INTO VISUALIZATION (channelusername, postid, liked, disliked)
VALUES
    ('coisadenerd', 1, TRUE, FALSE),
    ('jschlatt', 5, FALSE, FALSE),
    ('jschlatt', 4, FALSE, TRUE),
    ('cadeachave', 2, TRUE, FALSE),
    ('cadeachave', 5, TRUE, FALSE),
    ('republicacoisadenerd', 5, TRUE, FALSE);

